subreddit,x,y
49ers,28.16891829,18.11172394
BloodGulchRP,20.80783889,41.33617864
ClickerHeroes,66.29970202,-35.34345972
ContestOfChampions,30.05324929,-9.303792293
EDH,76.66668799,-43.02876313
EarthPorn,-20.63606531,-44.36097785
Gamingcirclejerk,59.90463165,-19.1696043
GoneWildPlus,-2.151229047,14.53013688
KerbalSpaceProgram,19.56179406,-51.96457863
Kossacks_for_Sanders,63.88736731,-43.80891129
MMA,-30.07094088,-73.28095788
NSFW_GIF,-24.56713709,-34.73612019
OkCupid,5.071241171,-55.66703799
PoliticalDiscussion,-0.077066243,-89.63146072
Quebec,74.18557293,-25.92950429
RealGirls,-24.30353428,-35.44898753
SSBM,55.68161183,-14.38493827
Seahawks,18.79378617,13.0582626
Surface,46.35968163,-45.82005752
Texans,27.47443912,23.77168356
Twitch,48.17455519,-57.78289588
WahoosTipi,21.34791424,30.18748918
Watches,6.910538926,-45.26484368
bakchodi,46.58333975,19.6095591
bleach,58.42438288,-31.77905196
clevelandcavs,19.08540885,12.15979987
confession,10.18602875,-33.07554309
dataisbeautiful,-5.611058917,-91.28717245
devils,28.94248918,29.40344157
discgolf,19.75864736,4.269011675
dogs,46.02136725,-61.22168936
exmormon,3.961926504,-66.97123218
fantasybball,26.58498423,-5.958941144
formula1,9.04368794,-69.20878755
gaming,-34.63513143,-83.29078768
infertility,48.55575655,23.43743131
infp,49.43247956,-16.17754466
jailbreak,-15.83825082,-52.66727453
malaysia,59.45867771,-1.604943793
onewordeach,14.0492812,30.21947572
podemos,81.53032729,-55.89084133
randomactsofcsgo,6.694249195,0.578252681
rpg,66.12917356,-52.69663906
rva,31.37958001,13.39203217
steelers,26.03242365,19.78258072
teslamotors,24.90452772,-55.34800685
thenetherlands,30.97132353,-64.93784596
vegan,15.01676711,-74.76708939
zootopia,7.064253576,-24.46033641
Advice,-5.040204702,-57.80378739
AndroidGaming,33.3884127,-28.25973058
Berserk,52.84996759,-10.29278259
BigBrother,7.268243072,-55.70663512
Denmark,31.28392138,-65.46600634
DenverBroncos,18.58015046,9.499413666
DetroitRedWings,28.4037865,16.39099311
DotA2,-28.66037642,-83.09000117
Economics,68.44112131,-53.73995932
FlashTV,-3.916934955,-46.17842944
FrankOcean,-7.842379359,-26.67475938
InternetIsBeautiful,-24.10080728,-44.12541679
Israel,72.61662602,-28.05207566
MarioMaker,45.26461915,-23.11780515
MilitaryPorn,34.26032053,-26.55155226
MonsterHunter,36.84465309,-61.96133023
NewYorkMets,18.27264461,27.31108835
Nootropics,67.83763017,-39.32733519
OutreachHPG,64.1540258,4.790682188
PKA,33.17684198,2.197804686
Patriots,16.59039623,9.318254069
Pokemonexchange,30.56394957,29.37128145
Polska,80.94215525,-52.8354191
RimWorld,45.11319538,-30.67108571
SchoolIdolFestival,34.15556575,-38.12364383
Showerthoughts,-33.27952887,-82.5428528
StardustCrusaders,37.20751119,-35.42378832
TalesFromRetail,8.639037334,-32.69628216
Whatcouldgowrong,-15.39871024,-4.753001822
XMenRP,21.01580743,40.7806665
apple,-15.17266071,-76.14184578
baseball,-30.49938032,-71.63667578
bjj,18.20306825,-42.96192892
bostonceltics,27.9915148,14.81543003
brisbane,47.83015176,4.437631974
business,54.34690279,-60.71467922
comics,-24.5513308,-43.23530396
creepy,-32.91719205,-54.14899324
diablo3,44.00913807,-44.34854739
feedthebeast,37.42013844,-59.62368876
freefolk,41.50206464,-32.80343165
funny,-36.23404018,-83.38511448
future_fight,63.61094936,4.503858317
halo,-11.96899815,-61.96430268
japanlife,65.85277767,2.33524088
korea,55.12245074,-21.34995055
mountandblade,41.82264922,-12.91948561
paydaytheheist,39.8548732,-33.0562826
personalfinance,-20.9535053,-85.62975011
phish,25.44753811,22.78622318
roosterteeth,14.59310787,-47.31481047
sanfrancisco,63.05641734,-25.05428405
subaru,-0.711674511,-39.49429915
sydney,22.03665182,-11.96448549
tifu,-19.08577284,-77.33765425
torontoraptors,25.11852405,4.548167436
AFL,17.18393139,20.46636548
AmericanHorrorStory,27.86388021,-6.723387494
AppleWatch,17.8508066,-20.65578853
AskEurope,74.12928539,-6.327449279
AskHistorians,50.77817686,-60.59986771
AskReddit,-36.91273865,-86.10110167
AskWomen,-7.988878838,-84.03338376
Atlanta,17.9678109,-45.61929631
CCW,54.52683659,-13.00998006
CHICubs,15.91294029,18.01588145
ClashRoyale,-16.07044342,-62.93509779
EngineeringStudents,53.90575742,-39.22009422
Firearms,61.18630593,-9.125518284
Frugal,-25.01340649,-14.07590251
HistoryPorn,-7.2330769,-7.049527693
ImGoingToHellForThis,-29.46470557,-50.17393543
JUSTNOMIL,34.80108427,-47.9499726
MLPLounge,8.604047044,17.38810227
MURICA,-8.775265443,-9.582676075
MaddenMobileForums,12.26772743,-10.04498784
MapPorn,26.69914087,-71.52755245
MorbidReality,-12.97228526,-8.796270488
Overwatch,-32.91478634,-84.16204861
Roadcam,17.97422433,-49.12216304
SquaredCircle,-29.87341026,-74.9596719
StarWars,-15.82976201,-77.35166284
StardewValley,-3.169368101,-49.32944242
Steroidsourcetalk,33.0956392,25.29006648
TryingForABaby,42.83782256,-4.174985319
Unexpected,-28.92525166,-46.34569471
UpliftingNews,-31.4332511,-52.64784612
army,20.44511216,-5.05653429
britishproblems,11.08705097,-38.17007225
canadaguns,58.61348562,5.528610407
circlebroke2,62.28776652,-2.693406874
college,53.66154355,-40.19609759
de,5.947764084,-87.5640559
edmproduction,46.65174103,-49.01745029
fantasyfootball,-29.28882722,-72.10141835
fatlogic,20.62353074,-69.64606076
gamedev,58.23388996,-57.1861918
gaybros,38.44289,-22.23083508
greece,5.30999022,18.28796828
makinghiphop,7.987864669,1.565407501
metalgearsolid,28.62090011,-45.87750438
newzealand,17.89446695,-67.33899602
nonononoyes,-16.4612113,-4.915968816
nyjets,31.59543442,23.77290749
pics,-35.525121,-82.9575385
pokemon,-22.31586809,-78.86887193
ptcgo,41.15738849,-12.36331881
quityourbullshit,-20.72639984,-10.29454386
raisedbynarcissists,-0.645060201,-60.96014345
running,20.14045667,-58.33108453
soccer,-30.82574411,-75.53422629
southafrica,70.98253798,-25.7417477
titanfall,-3.396489085,-48.38000622
trashy,-32.15722797,-48.71677017
treeofsavior,44.69260197,-41.0301367
truegaming,78.95401616,-14.18613048
ukraina,3.979543452,18.35329054
unturned,35.26942126,-6.202859526
vainglorygame,31.0300683,-9.234087015
webdev,50.1558548,-57.91839308
AnimalCrossing,8.904845502,-15.08086453
AskDocs,49.06644951,-55.82108257
DBZDokkanBattle,-17.17125716,-60.64073231
Edmonton,52.59679251,-10.88789631
GrandTheftAutoV,-0.630984069,-38.64085585
Guitar,-0.225855089,-72.09769062
Habs,40.45973889,22.6073692
OldSchoolCool,-31.61150961,-57.92269997
PoliticalHumor,41.26373473,-48.78398797
PoliticsAll,79.77051779,-41.18068511
RandomActsofCards,4.056959935,15.67764055
Sneakers,-23.93101446,-58.77687418
SubredditSimulator,70.3162474,8.004494992
Torontobluejays,16.44939814,18.17177774
WorldOfWarships,23.13066275,-65.1038618
anime,-15.30230933,-85.13655995
askgaybros,13.09420375,-65.01696977
beertrade,8.787401881,-10.3899876
bodybuilding,5.580716219,-54.23043158
bonnaroo,32.82974217,4.973092224
canada,-2.815615712,-88.4631098
churning,21.57605745,-46.59260921
civ,9.582522637,-77.19838863
custommagic,78.51802893,-40.16250645
friendsafari,-23.30999535,-62.99448484
gamecollecting,40.89452187,-16.27222739
hoi4,64.34225046,-37.29885797
indiegameswap,38.7511195,9.26985167
kpop,33.8534423,-51.19227699
learndota2,66.81727972,-40.20986158
medicine,70.33190101,-35.41669719
nrl,16.94776212,21.77318926
occult,68.06176108,-35.55393196
progresspics,-3.151581696,-13.35362107
raspberry_pi,48.37643757,-50.37396213
runescape,-17.00702969,-63.81235754
science,-32.12787373,-56.80508262
serialpodcast,76.00357237,-7.081535952
singapore,20.84163254,-44.17867286
skyrimmods,47.261344,-60.48242956
spaceengineers,50.58383908,-19.06911167
starbound,34.4922125,-23.67435082
survivor,10.6527568,-60.70658345
techsupportgore,-13.12367321,-7.716846017
watchpeopledie,-19.61495599,-11.65963986
ADHD,43.48723959,-64.07965039
AskNYC,47.76258271,-18.1212811
AskThe_Donald,63.32266878,-33.39186081
Barca,42.00334289,22.26306235
Bass,47.54340528,-23.399745
Braves,28.41799681,28.04279976
CallOfDuty,14.51087661,-18.99636013
Cricket,6.541410743,-56.35426684
Filmmakers,50.54385356,-51.85194227
Games,-5.593428686,-87.97781305
JoeRogan,50.87604566,-4.729789519
LifeProTips,-19.1273695,-78.18972378
Mariners,18.6212122,32.52403744
MobiusFF,43.37337841,-8.960488107
Music,-21.44480947,-87.30103703
Neverwinter,41.05400352,-9.622866784
NintendoNX,44.0394766,-33.07407933
PhotoshopRequest,-18.74364978,-35.501995
SWGalaxyOfHeroes,19.64890152,-37.0844797
SandersForPresident,-25.95047279,-83.20366113
StrangerThings,12.88077539,-21.93289469
WWE,15.57302041,-17.24349489
WeAreTheMusicMakers,47.61257634,-50.20817697
askscience,-5.117802215,-69.54876943
avengersacademygame,32.9698233,-8.35401736
bravefrontier,9.946429725,-59.59806093
btc,65.41517173,-47.34436724
dankmemes,-1.301022024,-43.25714067
elderscrollsonline,1.331087647,-61.67912413
electronic_cigarette,-17.09982281,-68.9606523
ethereum,60.89261482,-45.55417188
fairytail,50.16097073,3.973858141
gardening,3.36830034,-44.72556738
gundeals,33.23048654,16.14586297
holdmybeer,-15.38610826,-3.114234338
howardstern,21.43449769,5.162036979
ladybonersgw,-1.356331969,11.62858858
leafs,29.26270374,12.93009053
melbourne,20.32991567,-45.50492865
minnesotavikings,18.37222566,8.652284318
opieandanthony,-4.7278802,-32.52527685
penguins,29.11770189,21.4969818
photoshopbattles,-19.85603775,-39.65140463
redsox,17.85208082,28.73956669
rupaulsdragrace,-9.404254525,-65.52215026
starwarstrader,46.68082836,22.68746402
synthesizers,57.03643881,-21.92485355
toronto,16.56435394,-67.02474161
whitesox,27.27858921,30.59082871
3dshacks,20.94664982,-48.78391575
Bitcoin,0.244065198,-76.73821111
BravoRealHousewives,37.10785572,18.31127514
BuyItForLife,70.7620433,-17.2179632
CatsStandingUp,-2.534293983,24.06719121
CruciblePlaybook,58.52572405,-33.43067147
FashionReps,-11.65252608,-31.6898598
GaryJohnson,54.76690757,-22.1287644
GlobalOffensive,-30.69910844,-83.46827334
GreenBayPackers,19.55152409,13.25340649
IASIP,62.62520283,-37.79722127
LegendsOfTomorrow,48.72259671,-0.77860717
MakeupAddiction,-2.453572969,-77.92427551
Maplestory,3.223229701,-41.26699658
MechanicAdvice,45.31862289,-44.34964744
Monstercat,0.540480697,-23.77288869
NFL_Draft,57.20767108,9.795158976
OnePunchMan,56.20090175,-9.356914632
Pokemongiveaway,-5.438012414,-34.51484202
Portland,19.84239803,-46.9088933
RWBY,14.34669685,-59.51051373
Rainbow6,-18.20906769,-64.03701356
ShitAmericansSay,63.61470108,-22.50380665
The_Donald,-34.88876628,-85.72772016
TrueReddit,69.80024062,-53.91451387
Unity3D,51.83896005,-51.85947703
asktransgender,3.216259946,-62.49553331
audiophile,49.42651721,-26.44473981
beer,38.68586263,-28.46028011
canucks,30.30104331,16.30646527
cowboys,20.23111317,14.22730188
crusadersquest,59.29387942,5.746398509
customhearthstone,47.57523363,-41.14628778
detroitlions,27.34224114,20.56528311
fakeid,-7.502535616,-27.85782282
falcons,29.51972037,25.53927575
funhaus,-6.107012977,-9.371599198
h1z1,2.183719293,-41.84631699
islam,34.24059651,-60.59654827
justneckbeardthings,-21.8425194,-13.73200275
lakers,20.70531751,5.914197961
me_irl,-28.43124231,-61.53797092
motorcycles,-13.35415486,-68.09332582
paragon,1.717439945,-62.10438167
space,-31.44868556,-55.71441272
starcraft,13.8825726,-67.24075281
thewalkingdead,-28.75248176,-53.06060379
uwaterloo,21.8457012,-24.17005381
videos,-35.28376141,-84.5944806
Art,-20.17003503,-43.52665157
CFBOffTopic,20.92677613,37.09582579
CrappyDesign,-26.16721304,-45.36032487
DC_Cinematic,11.19103725,-65.03622578
DebateAChristian,76.02389044,-8.789924395
Drama,83.9243621,-55.49997603
Entrepreneur,45.23768681,-61.35102091
GearsOfWar,15.70410722,-18.55593979
INTP,59.91729533,-31.90777541
Judaism,72.56756024,-25.78026259
Naruto,36.24875158,-58.35211244
Redskins,29.03898504,23.89897315
Repsneakers,-11.35752135,-31.05768419
ShitWehraboosSay,72.91546521,-6.367760141
SuicideWatch,12.07731795,-29.71723054
TheSimpsons,3.582392962,-14.23366786
Toonami,26.07461915,33.75839904
TownofSalemgame,38.8115416,-10.45611392
Vaping,-0.05532049,-40.31582056
atheism,-4.559203025,-89.07954601
battlecats,45.14849188,21.69129007
blackdesertonline,-10.53498672,-61.38791789
cigars,22.997882,5.866605995
collapse,73.30528062,-28.49489236
crossfit,50.44998452,-7.450377677
darksouls3,-24.73424553,-78.11116084
factorio,58.89069121,-45.08705889
fo4,-15.43850095,-73.10000754
gonewild,-28.14194329,-62.91593382
hcteams,-4.999386439,-29.2788345
iphone,-5.692243744,-50.01947851
keto,-4.637974328,-52.53090228
lgbt,42.37196044,-43.6696711
nintendo,11.54399712,-75.37090304
pakistan,59.8152619,-18.04594941
panthers,25.4255439,19.20818594
radiohead,-4.843579488,-40.24732016
rage,-12.25886827,-8.446983971
shield,48.66200942,-0.757234702
swtor,36.53840209,-59.1743196
thinkpad,49.46723532,-18.76699041
warriors,17.37118449,9.673475511
westworld,10.04476143,-76.46382174
wicked_edge,36.14937128,-21.93760656
woahdude,-29.51213688,-48.52223773
wowservers,43.31416756,-32.47765147
3Dprinting,45.62780424,-49.42267846
Anarcho_Capitalism,66.25816492,-46.32204921
Brawlhalla,-1.058674163,-25.80151585
DIY_eJuice,56.678701,-6.346810609
Dodgers,18.39333233,29.33468598
HunterXHunter,58.22906767,-30.78021522
LivestreamFail,-9.556326642,-8.484090589
MLS,8.894647137,-58.37221375
Parenting,27.55088767,-58.27265992
RandomActsOfGaming,15.16738496,35.6889463
Rivenmains,37.32651461,0.171355752
RocketLeagueExchange,-26.36381483,-64.87852839
Steam,-17.06190687,-49.74458654
TheBluePill,65.57979344,-8.888000291
Turkey,68.23503962,-45.98731812
WaltDisneyWorld,43.29426948,-15.8535394
beermoney,19.75095473,-18.81534303
beyondthebump,25.76040406,-35.88213855
breakingmom,29.78423458,-11.33317875
chicagobulls,25.64471525,17.69661924
coys,29.49236302,13.57424742
depression,-4.444824344,-58.87374839
forza,16.29233529,-19.51764328
fountainpens,31.68021697,-33.6719483
grandorder,34.79950203,-37.76806792
hillaryclinton,-11.34317942,-69.376099
im14andthisisdeep,-6.309494654,-11.79992801
linux_gaming,66.40560838,-7.903246535
manga,36.46390256,-49.57898597
minecraftsuggestions,39.06041733,-8.912024571
nsfw,-24.49297856,-36.22807013
pcgaming,-4.5233109,-85.0347189
pettyrevenge,46.28463352,-0.917066811
portugal,79.18039355,-54.41312126
scifi,67.48562499,-19.85589467
spacex,78.6633566,-16.94444131
stlouisblues,24.97398318,29.76401672
summonerschool,1.38235792,-83.59359418
sysadmin,3.641008252,-82.53776413
walmart,30.27850091,-7.407402183
wiiu,47.81879986,-30.60457529
xxfitness,30.31561936,-56.7546641
40kLore,76.62589206,-24.10040957
AMA,9.58979248,-33.08061865
AdvancedRunning,58.218961,12.79737686
BABYMETAL,43.24430748,8.111766845
Blink182,24.4246476,4.587708705
Boxing,20.98761719,-9.101730205
CHIBears,28.08406261,19.2845508
DCcomics,15.63717052,-69.21867876
DFO,55.12922,-26.51838594
DeadBedrooms,48.96588392,-11.05637262
FFRecordKeeper,22.9585579,-65.99131599
GamerGhazi,75.35377024,-30.35674421
LSD,1.819308566,-42.76507685
MDMA,32.37315967,-21.70600096
MLBTheShow,12.91580058,-10.86741148
Marvel,10.55253575,-73.86843088
MechanicalKeyboards,-13.35815412,-51.74397429
Nexus6P,18.60510015,-25.57277312
OnePieceTC,19.19424284,-34.97361724
OverwatchUniversity,54.84075589,-35.8214601
PhantomForces,47.11257053,20.59575143
Philippines,8.468718503,-67.13906106
PleX,48.85273182,-24.9928812
PrettyLittleLiars,32.32824539,-7.554332684
ProgrammerHumor,14.52669117,-52.28695531
RocketLeague,-20.26102392,-64.81282931
Romania,76.0638288,-52.57385224
RotMG,-0.245846024,-25.49913945
TokyoGhoul,64.3516738,-3.666780944
XWingTMG,55.39911089,-29.08357426
battlefield_one,-14.21379099,-59.53673521
boardgames,3.930673675,-82.04123042
buffalobills,30.57888648,23.66433128
cripplingalcoholism,30.91004903,26.39487639
dndnext,64.95761644,-51.45652116
dubai,38.38011283,-0.083484496
eagles,19.32673856,14.50237863
ffxiv,-1.223533941,-81.16799456
financialindependence,76.18103479,-15.38391293
gonewildaudio,7.277149967,13.07139904
heroesofthestorm,-3.459834638,-80.52853093
homestuck,30.5956354,-33.13328808
intj,67.68786733,-0.534957089
investing,22.50585576,-57.78405163
medicalschool,42.81333225,-32.05545809
metacanada,60.37945546,-17.61877606
nvidia,18.71189081,-56.61142294
offbeat,40.94601465,-48.61647155
opiates,2.723111125,-35.20818213
paradoxplaza,63.66762701,-27.76820468
photography,4.367798396,-77.36690919
programming,28.5544579,-74.81698055
ravens,29.86287566,22.65304389
trees,-30.8878795,-63.32109212
vancouver,16.44596498,-68.10276986
woweconomy,45.96802995,-29.36628357
youtubehaiku,-23.61772797,-40.81531266
ACTrade,7.826655289,16.99400121
Astros,23.82241527,31.93067024
BattleRite,40.56300484,-13.60841836
Civcraft,45.2938761,22.40756196
CompetitiveHS,78.30376665,-14.96613561
Cooking,21.09926324,-57.00236999
DarkSouls2,23.76100933,-38.21290719
Fishing,5.704723426,-14.55903571
ForeverAlone,25.32530341,-6.035550961
GalaxyS7,19.26022341,-23.35105348
GenderCritical,76.28628283,-25.31660873
KCRoyals,19.68987802,34.52359831
LetsNotMeet,42.91668567,-20.42030113
MGTOW,31.8841652,-34.85550536
MakingaMurderer,28.36557779,-64.49687937
Multicopter,29.52199656,-31.21148107
OnePiece,14.11806351,-71.75357452
OutOfTheLoop,2.861838356,-73.69295596
Paladins,16.21973519,-26.72632094
Rateme,-7.805162329,-23.59926582
Scotland,63.56442905,-28.70354551
Silverbugs,10.71952356,14.64024607
Warthunder,20.87809402,-64.16335936
chicago,19.08853326,-50.76674638
circlejerk,80.8762658,-57.25931881
creepyPMs,-11.87359487,-6.676659767
duelyst,65.13418801,-36.92214064
exmuslim,63.96669454,-45.12947043
fantasybaseball,21.5915517,-5.132820778
furry,1.197057338,-25.2533919
gamegrumps,15.21989433,-48.14905231
hardware,63.74155692,-26.95203925
heat,9.551069433,14.57719444
houston,15.72842111,-45.97934349
loseit,0.61600754,-71.84044918
makeupexchange,7.082615403,13.73474866
miamidolphins,30.32577334,19.929016
mylittlepony,6.380013572,-24.85078403
natureismetal,-7.162830441,-4.918255946
ottawa,37.13666461,-34.88477062
researchchemicals,42.7256711,-9.577739874
rugbyunion,19.97497217,-8.38859035
sweden,13.62882429,-74.49963843
thedivision,-25.02961034,-78.87442203
totalwar,37.86143159,-62.80769698
whatisthisthing,-24.66050685,-42.18514899
zelda,38.27220704,-26.55059549
Accounting,45.12366808,-42.03298098
AdviceAnimals,-32.02155227,-79.0273878
BabyBumps,2.054002274,-63.50775726
BitcoinMarkets,59.98480985,12.78764323
Calgary,19.76746244,-43.79791323
CasualPokemonTrades,-3.819580392,-28.06913849
Christianity,4.093265028,-85.19027461
Diablo,27.81053853,-55.91975175
Doom,18.25611888,-23.9705871
EnoughTrumpSpam,-10.54485577,-77.40339502
FULLCOMMUNISM,48.27337153,-37.10513895
FoodPorn,-2.576250009,-16.1925138
GifRecipes,-17.54510373,-6.030878219
HomeImprovement,46.2952973,-47.17280669
LateStageCapitalism,42.74921854,-55.51890712
LiverpoolFC,8.5173115,-59.53538731
Metal,42.22188845,-51.2528878
Military,34.3108612,-18.04925324
NHLHUT,-5.468842068,-30.99680491
NYGiants,26.91410093,19.23959507
NoSillySuffix,83.68069748,-58.06029191
OSHA,-13.71619036,-7.321686023
Pathfinder_RPG,67.38868791,-51.04200259
PokemonPlaza,20.04150013,-32.66162777
PvZGardenWarfare,34.10067084,-6.991930072
RedLetterMedia,53.4053972,-3.36523087
SSBPM,36.95218353,2.76468592
StLouis,53.50867309,-6.252624303
TheRedPill,19.73927229,-70.39938025
TwoBestFriendsPlay,33.57043261,-38.66693002
TwoXChromosomes,-17.05179026,-79.25245475
asoiaf,-7.404660007,-84.19946282
aviation,31.27656468,-26.56495269
badeconomics,75.92905955,-5.715107295
batman,38.0404829,-26.96524129
battlefield_4,16.37562459,-21.23521582
belgium,64.6789957,-9.011479565
brasil,79.2731741,-55.60053787
changemyview,71.46753915,-53.81339305
climbing,37.91658357,-21.40482424
croatia,80.31194307,-53.05408957
cscareerquestions,41.71386798,-63.08582448
csgobetting,7.710534836,2.004601577
danganronpa,56.56180637,-29.31458368
deadbydaylight,25.78272372,-40.37158273
dfsports,54.61122907,8.653570122
entp,65.12084461,3.753836323
excel,53.55632313,-52.52189133
gameswap,35.84348663,0.117115948
ireland,15.38673527,-66.86247048
kancolle,57.29658409,2.365525026
knifeclub,30.67871462,1.466290111
linuxmasterrace,63.62617489,-7.369362582
mildlyinteresting,-32.65317609,-64.1644469
norge,71.96722412,-27.07348584
oculus,-1.661716352,-79.74607733
peloton,66.59233878,-5.545251078
philosophy,66.64247237,-55.45089343
politics,-33.92683543,-88.95244754
premed,41.99143022,-9.621665619
pumparum,0.504321078,14.24019978
sexover30,58.37798805,13.15225312
trap,3.311911917,-13.30663037
wifesharing,-1.322613584,12.97327016
worldpolitics,51.43147063,-56.72170549
wow,-25.25795795,-80.89879972
youtube,52.55600231,-59.41277803
Anxiety,52.65567021,-42.39603669
Aquariums,4.164475075,-41.65664506
Austin,19.5784403,-47.57835405
BMW,6.925609203,-14.48921173
Buddhism,69.83636725,-37.12858605
CampHalfBloodRP,20.02569033,39.05754864
DIY,-19.02529979,-51.39429765
ElectricForest,32.61130316,4.169154665
Fireteams,79.12283858,-58.07508683
Futurology,-4.983343788,-90.3398372
HighQualityGifs,-5.772351032,-3.713669161
IronThronePowers,68.42703459,8.209013871
JusticeServed,-16.62292751,-7.711105861
KingdomHearts,43.48070111,-40.49076734
KitchenConfidential,48.6802633,-5.941985039
RandomActsOfBlowJob,78.74486213,-43.92333196
Re_Zero,37.15480423,1.438997722
Screenwriting,45.74934606,-15.74598392
TrueDoTA2,69.90941831,-31.85516149
Vive,-4.207547079,-78.41698164
WayOfTheBern,57.86951023,-21.81296585
WikiLeaks,66.10827495,-20.06655066
bengals,28.31394005,24.92565143
bicycling,5.111097891,-46.91772237
bladeandsoul,-10.0097571,-60.42120703
buildapc,-19.8108921,-87.43561379
dating_advice,13.14775124,-29.09516871
dayz,12.12835103,-44.3647493
dbz,13.52302482,-69.82831127
eu4,38.07225526,-64.31914728
gravityfalls,28.3094503,-27.32014517
h3h3productions,-19.20975999,-48.71939968
harrypotter,10.38257897,-75.2958364
history,4.446028802,-75.58362382
horror,27.32678443,-49.48040101
jobs,52.49067118,-43.39274043
learnpython,53.50393833,-52.36971112
linux,27.68595479,-71.70488386
muacjdiscussion,76.18956209,-7.444492685
nfl,-32.38035816,-74.28326504
nyc,26.1352516,-50.33855907
olympics,-22.34538049,-13.14502448
patientgamers,73.7219639,-16.62405147
pebble,33.49868603,-22.82960671
pittsburgh,55.03874998,-7.217323339
pokemongodev,71.81603757,-17.04505586
popheads,43.30983691,5.940474867
r4r,-18.47274036,-37.52332096
reddevils,8.49966533,-60.75274671
short,53.30728195,10.02983184
television,-21.38021323,-79.8685591
vexillology,31.89670549,-27.50830917
worldpowers,68.99486281,8.914154604
7kglobal,51.38859523,3.213319002
AskScienceFiction,64.8043631,-51.81543487
Austria,74.48227542,-27.3224827
BleachBraveSouls,17.1083984,-34.02761596
CapitalismVSocialism,79.26812318,-10.52194478
CitiesSkylines,31.98078634,-26.43596464
CombatFootage,58.97141742,-11.57597195
DunderMifflin,-4.769941081,-11.6043689
EliteDangerous,-0.667733452,-79.28701612
Flyers,19.60659068,28.56431673
GooglePixel,20.7408622,-23.75544223
MCFC,42.55736221,22.35727956
MakeupRehab,70.51386996,-2.411902326
Minecraft,-16.22871344,-50.17488011
MrRobot,28.02126866,-47.04582214
Nationals,21.73645869,32.44475829
PSVR,21.27105357,-38.6661116
Planetside,22.74799291,-64.87305918
Political_Revolution,43.67343612,-54.93942704
TagPro,41.28953172,12.69474937
WTF,-33.39890118,-77.90839565
WritingPrompts,-5.591591219,-69.48721509
actuallesbians,19.12715779,-39.7870663
askcarsales,47.78052286,-17.78392311
casualiama,6.203965074,-35.4600854
comicbooks,13.72948096,-73.46936178
dirtykikpals,-17.77314871,-37.99697402
flying,53.56905266,-12.80785593
gamindustri,40.38812644,11.3516932
guitarpedals,41.68891943,-16.38517526
hardwareswap,-16.53553879,-41.21931829
hiphopheads,-25.91060104,-74.04218485
instant_regret,-16.06151931,-3.950607143
interestingasfuck,-32.31749527,-55.1198574
legaladvice,-9.178725713,-74.6510944
movies,-32.35837453,-87.03019068
soccerspirits,62.21913449,10.98332791
supremeclothing,-11.66410937,-32.4538766
survivetheculling,39.46039141,-11.303824
syriancivilwar,7.475449326,-87.98302295
teenmom,37.39728888,17.62845828
tennis,20.93014001,-9.721198087
whowouldwin,4.563935542,-83.93139733
3DS,19.61889163,-57.17516732
4chan,-32.33650155,-50.17159397
Animesuggest,77.04381748,-42.8700853
AskAnAmerican,77.39325885,-14.90196081
AskCulinary,46.82985419,-25.92168125
AskTrumpSupporters,28.80408723,-67.3488518
Battlefield,-4.547214684,-49.9222572
Catholicism,65.50024058,-46.02344719
Celebs,-23.46959731,-36.66601945
Coachella,27.21756629,3.930859688
DarkNetMarkets,-11.33132238,-50.68289613
Fantasy,29.68597055,-61.83809641
FellowKids,-4.955313062,-12.99889102
Guildwars2,0.440876455,-80.90166287
IAmA,-18.43359449,-79.83226439
JonTron,84.43974996,-56.76726222
MensRights,28.73958914,-73.29392348
Miata,31.42779023,0.956748741
ModernMagic,76.40575265,-39.95115769
NASCAR,16.4728923,19.7449887
PokeMoonSun,24.23341075,0.809286462
WhoWouldWinVerse,22.35967023,41.96210808
books,-15.64525354,-80.78506254
buildapcsales,-19.45701854,-14.818985
darksouls,12.33782519,-37.67702577
hawks,22.95045681,30.15610181
homelab,58.10401653,-45.20312789
indieheads,23.88017285,-53.97572776
japan,65.50735772,-32.57353759
kansascity,53.88721258,-4.129205935
london,27.32053278,-51.97889777
longboarding,32.77038635,15.26511699
lowlevelaware,-0.359090434,23.34586577
networking,66.94383856,-38.42093223
newsokunomoral,-0.538447811,22.89842388
newsokur,-0.868749665,22.52271277
noveltranslations,16.51938569,-33.8666116
nursing,56.94416878,-36.91673602
shittyaskscience,-0.657495432,-43.94516969
sixers,32.44472742,20.39958368
socialism,68.18612576,-53.10174604
sportsbook,25.73765484,14.66058686
starbucks,28.60975001,-7.209485375
starcitizen,0.994454712,-80.53976594
stevenuniverse,-11.22214182,-68.10888579
sto,56.94996801,-30.06073723
tipofmytongue,-18.63974772,-40.37299327
tmobile,20.42977915,-39.73094533
ultrahardcore,45.81410649,19.32658511
vinyl,20.43708212,-51.55712562
worldbuilding,69.94887879,-52.45231098
Bad_Cop_No_Donut,40.64080516,-24.45598825
BeautyGuruChat,66.40874197,-0.771646452
BlackPeopleTwitter,-34.82154761,-57.84404512
CFB,-31.51862925,-72.39777562
Chargers,31.19346548,21.85433409
China,45.83394878,-36.35865033
ClashOfClans,4.946910126,-44.79571239
Conservative,15.98054087,-75.40507953
DestinyTheGame,-25.56195573,-79.6049298
EatCheapAndHealthy,71.37186222,-17.178145
FUTMobile,12.4219822,-8.900463603
Fallout,-4.467405634,-83.07550853
FeMRADebates,75.4160253,-10.14077589
GameSale,8.369742845,-10.65603442
Kappa,-6.747341794,-39.42013623
Libertarian,28.74774053,-73.9138293
MtF,36.65837551,-5.725470485
NYYankees,22.78486097,32.79534076
TrueChristian,71.56485965,-4.652087832
Yogscast,38.99489165,-24.03268074
ar15,18.97827969,3.234820544
argentina,78.35660086,-54.56046344
asktrp,23.88279722,-35.16020519
audioengineering,64.10042757,-33.79062166
bayarea,57.84049145,-9.162598689
bipolar,37.90059067,-11.76910385
boston,27.30337012,-52.82900579
ethtrader,43.21473144,5.136514884
gtaonline,13.66081921,-38.74462212
learnprogramming,49.68891096,-59.31507065
lego,7.483554363,-44.83458575
malefashionadvice,-16.85112109,-51.38686444
masseffect,29.73337404,-60.41909914
mechmarket,5.104297367,-24.83140651
microgrowery,25.65760124,-25.80045444
niceguys,-21.57191163,-11.57036868
northernireland,63.42435771,-2.911551799
nottheonion,-15.96491485,-82.66255033
oddlysatisfying,-27.57668212,-46.46205647
osugame,-7.419959789,-38.65159719
polandball,-18.86530504,-8.918649109
rawdenim,45.46135536,10.97699536
redditgetsdrawn,-18.7095782,-35.03061646
rickandmorty,-27.90369964,-45.07567841
skyrim,-13.14049165,-57.48906864
spam,82.46490841,-58.00056522
todayilearned,-32.07535465,-87.63494357
zen,36.74809479,19.04880913
Aleague,44.06995788,24.50573702
Amd,15.78609935,-65.20920584
Anarchism,66.75018616,-44.77057236
BostonBruins,22.33165702,31.4583104
CasualConversation,-14.32935265,-68.40231046
CrackStatus,27.58844146,3.758928185
Cubers,42.62178654,5.596721593
Denver,36.79237252,-18.63484061
Diepio,-1.165257113,-26.27690661
Dirtybomb,57.57229555,-2.023993795
EDC,-6.495600082,-8.173071491
FFBraveExvius,16.535579,-64.65209884
FFXV,24.24398976,-38.78985359
Geosim,69.90274738,8.527322143
Gunners,9.054209633,-60.42834611
Kanye,-9.938956252,-36.50369867
KotakuInAction,1.903806024,-88.77675865
MigrantFleet,21.71457568,41.58038478
NeutralPolitics,75.53998437,-38.67756848
OpTicGaming,26.54545279,16.2568226
PersonalFinanceCanada,66.6129123,-39.11046971
PictureGame,40.07690613,10.72842227
PokemonShuffle,59.63914823,9.264692026
Psychonaut,53.93384971,-34.86861529
PurplePillDebate,80.12938524,-8.007873677
RealEstate,54.48684445,-40.10750655
ShitRedditSays,63.71106683,-22.60559954
Smite,-17.41410534,-66.15622075
StarWarsBattlefront,-2.093252328,-47.3749687
TeamSolomid,49.58718321,-6.691999373
UnresolvedMysteries,78.14815317,-15.75246803
Weakpots,28.70947723,33.9258789
WouldYouFuckMyWife,-1.799599322,12.83576078
anime_irl,5.980013862,-27.37002255
australia,0.025136992,-87.16268438
blackops3,-14.62947765,-61.86418405
chess,49.1521644,-22.46725877
cringe,-30.71856331,-50.92588734
dragonage,69.0529861,-36.42531707
dwarffortress,58.56506767,-8.723142468
femalefashionadvice,34.508262,-47.21720236
food,-31.82626624,-60.77643009
forwardsfromgrandma,24.65587162,-49.27026947
golf,-3.766844494,-39.98899193
indonesia,75.11014893,-26.59667384
lewronggeneration,-11.92679175,-9.799999051
neopets,41.76223985,6.255680621
oneplus,17.83445124,-24.99424753
powerlifting,48.54686699,6.762276382
proED,41.20992339,-6.341180008
pussypassdenied,-17.27127259,-7.108611729
shittyama,15.09755046,30.42032323
shittyfoodporn,-4.24882073,-15.03781531
smashbros,-12.89654971,-66.78033427
witcher,-4.789760922,-51.18654952
woodworking,4.810042171,-46.03974243
2007scape,-21.83641873,-63.99791401
CanadaPolitics,75.72389592,-31.0474808
CoDCompetitive,19.37724078,5.883141546
Dallas,35.91470059,-19.4772067
Enough_Sanders_Spam,61.60147438,-2.183981882
Flipping,50.92850524,-9.36892613
FutureFight,41.60798138,-5.001518657
GameDeals,15.15841677,-52.52586848
GetMotivated,-23.03596954,-47.18750137
HalfLife,52.14804734,-4.416351714
Homebrewing,29.5016779,-53.21959063
LosAngeles,15.86316086,-47.28910381
MaddenUltimateTeam,-6.446028677,-30.47400628
MandelaEffect,46.86561091,-28.20917973
Nerf,38.7158299,1.646135098
NewTubers,53.37962361,-57.84072061
NoStupidQuestions,-6.908762715,-73.50987071
PS4,-22.5255786,-76.04328889
PuzzleAndDragons,35.02432157,-52.12845642
RoastMe,-33.63631802,-58.15865354
SanJoseSharks,25.79376646,28.02785786
ScenesFromAHat,25.25261926,1.664270288
SkincareAddiction,50.88343946,-59.94417557
SuggestALaptop,53.82724715,-54.69150227
Suomi,83.68976929,-56.01714926
TickTockManitowoc,65.31520408,5.04750587
TumblrInAction,-3.762817278,-90.42620086
Winnipeg,49.62111386,4.429634968
altright,55.57307262,-19.50750898
androidapps,7.658437538,-43.88033401
arrow,14.51464346,-69.35127069
aww,-32.127525,-65.0338198
battlestations,-5.770351504,-4.754715306
bestof,7.748428836,-74.58983152
betterCallSaul,47.2730834,-0.957238853
cars,-14.17511325,-76.24494072
conspiracy,-11.92568111,-76.65399408
counting,16.76472119,37.22160398
cringepics,-31.4022869,-49.31953058
european,58.1310857,-20.80849945
facepalm,-22.38689277,-14.8765935
fantasyhockey,52.97996758,9.077874644
fireemblemcasual,29.77808238,34.0022987
france,6.550221893,-87.35123973
gifs,-34.13891282,-78.70393714
guns,-14.28859908,-67.35381331
hapas,60.54895106,-0.54475312
hockey,-31.64550402,-73.04793792
magicTCG,2.490803218,-90.33986643
nba,-31.96060747,-75.10175189
news,-33.92957602,-87.29355976
orioles,21.21389876,31.39041236
poker,22.56880185,-22.74595512
sports,-32.30808493,-59.14811441
starterpacks,-16.112526,-6.634887141
steroids,61.28526645,12.78019792
summonerswar,-10.41782144,-63.99022095
techsupport,-6.996019484,-72.89475321
twitchplayspokemon,58.68298073,3.771852881
uberdrivers,36.7566194,-4.864558259
ukpolitics,4.464108261,-87.73644692
wallstreetbets,-9.283174499,-35.22190211
washingtondc,38.90318201,-33.42439298
weddingplanning,35.38729422,-61.24483585
windowsphone,20.45381414,-39.16225997
worldnews,-33.16392489,-88.68751022
yugioh,35.41043618,-49.01658397
ARKone,37.31178357,-7.699336357
AsiansGoneWild,-3.272004571,15.12379879
Coffee,47.65995631,-45.99621648
Columbus,54.59184786,-5.884039187
Competitiveoverwatch,28.72242732,-62.83027823
DnD,1.170773521,-83.57027597
FantasyPL,19.36193529,-34.27880332
FinalFantasy,27.6585736,-55.14890559
GGFreeForAll,67.22336728,6.611816635
Indiemakeupandmore,70.08467711,-4.073921007
Infinitewarfare,3.147268244,-37.13868388
Metalcore,29.38752946,-28.33895105
NBA2k,1.175295752,-40.81346034
NYKnicks,31.69020125,20.54487125
NoMansSkyTheGame,-21.54404524,-75.91205724
PetiteGoneWild,-3.311562487,14.53551341
PublicFreakout,-20.18108178,-13.75576666
Random_Acts_Of_Amazon,14.52520318,19.64957799
Robocraft,58.84209436,-0.57865946
SeattleWA,65.1266514,-7.018751667
SecretSubreddit,21.61114673,37.38513955
Shitty_Car_Mods,-3.998646715,-13.19824717
StreetFighter,13.39951037,-66.43425054
TalesofLink,60.55968089,4.088722161
The100,66.58559817,0.254278049
Tinder,-29.01145449,-50.03593313
Tradelands,47.6740586,19.12674121
Undertale,-13.88960651,-52.25283338
Windows10,47.7795815,-57.98273988
WorldofTanks,19.30205843,-42.34167756
askphilosophy,73.48600135,-48.93059859
aspergers,69.04074479,-32.2144127
bodyweightfitness,48.2166513,-26.9904474
civbattleroyale,60.57286378,3.070366458
cordcutters,48.83025365,-29.79478784
exjw,54.42463233,-30.2038536
fireemblem,8.905930688,-66.56546159
frugalmalefashion,-5.021717554,-5.05001453
gameofthrones,-22.24863235,-77.16922667
gentlemanboners,-23.23070619,-35.60381742
gonewildcurvy,-3.298169841,13.6790288
goodyearwelt,45.78767538,10.81816183
kratom,19.08639017,-36.2890857
letsplay,60.53607656,-44.48295501
listentothis,-3.80678505,-68.81558157
marvelstudios,10.89165608,-69.46495093
math,65.94440199,-53.65830551
milliondollarextreme,35.5086379,3.033809798
nosleep,-12.29793109,-37.40565205
oaklandraiders,10.46129867,13.60818338
playark,25.45970421,-39.79034689
playrust,-11.91153875,-60.89009492
pokemontrades,-21.92922758,-61.30096616
rangers,23.9587407,30.39113143
reactiongifs,-24.95297929,-46.48954961
sandiego,36.72260561,-20.6960245
self,11.89493421,-34.68879004
sex,-8.626863179,-73.90028179
soccerstreams,5.479534759,-0.914193939
splatoon,43.29200042,-16.65282883
stopdrinking,2.249317023,-34.9101511
tattoos,-3.302943801,-16.754044
technology,-21.41022587,-82.26369669
teenagers,-22.36142995,-59.61380069
thatHappened,-25.32228342,-48.76583108
tumblr,-7.156164911,-10.74037778
vita,29.09882292,-44.56500776
AirForce,19.64092229,-5.102642887
Android,-15.58710426,-84.53391352
ApocalypseRising,57.44350728,-27.16238336
AskMen,-9.338288742,-83.5998563
AskOuija,-2.470431412,24.02024598
AskUK,60.15503973,-31.59199083
Battleborn,26.35361471,-37.9492898
Browns,29.29680416,14.93916872
CODZombies,-16.55432758,-61.92963356
CalgaryFlames,43.57823045,25.18487325
Cardinals,18.94232327,33.70504465
CrusaderKings,38.65082443,-60.29586814
Documentaries,4.984751407,-75.29544754
Drugs,-15.96274842,-72.81096106
Gunpla,26.28311207,-25.74173079
HillaryForPrison,41.51323537,-50.98149921
Justrolledintotheshop,-21.15293301,-13.24307463
LabourUK,76.9398017,-27.56395774
MTB,35.61890354,-20.58809827
Megaten,49.65339762,5.945697005
NHLStreams,14.06110746,35.50656438
NintendoSwitch,42.70180445,-34.5836203
ProtectAndServe,20.80963394,-10.69303013
SFGiants,19.61173681,30.91546495
ShingekiNoKyojin,64.68548026,-5.103631868
Stellaris,39.91473266,-63.11409622
SubredditDrama,24.93055468,-71.5584326
Teachers,55.24056553,-38.28307108
TexasRangers,20.17912351,33.30471078
TheSilphRoad,-4.851461568,-83.45967271
Warframe,-2.760593217,-79.08081005
Warhammer40k,45.33981891,-39.60151249
Wishlist,23.35118428,36.6186257
Xcom,38.10697755,-61.31639687
amiibo,25.37794617,3.4226208
arma,33.56199489,-24.51520477
bindingofisaac,13.08151457,-44.73438101
cats,-21.0215972,-42.56528475
criticalrole,64.91847524,-10.28934856
enoughsandersspam,47.30299828,-36.19735488
fivenightsatfreddys,-7.151575199,-31.62484958
ftm,54.63275,-27.77060383
gadgets,-19.49087101,-49.71540156
germany,65.72970922,-32.95435078
halifax,57.39036084,-2.51215198
headphones,19.58297771,-55.5400653
hearthstone,-25.62850778,-82.45887283
india,-9.748042341,-77.73246118
italy,80.9298939,-55.17025713
meirl,-22.81390045,-38.85748998
mexico,80.38838559,-54.08493265
mildlyinfuriating,-25.52800568,-47.72709737
pathofexile,-4.252065045,-79.07371588
philadelphia,36.08558885,-17.75308065
pkmntcgtrades,42.02417147,12.6263697
pokemongo,-32.31250023,-83.19063172
relationship_advice,-2.440297971,-59.97255621
relationships,-26.92160055,-79.60752509
southpark,-7.307290732,-9.516910499
spikes,76.21209859,-39.74802664
uncensorednews,24.81438156,-51.4725283
web_design,51.99279191,-54.75737426
xboxone,-23.11525608,-74.87185971
AndroidQuestions,48.81049588,-54.6743974
AsianBeauty,28.78523584,-65.00397857
CollegeBasketball,5.893743838,-55.09298726
CringeAnarchy,-33.61737659,-56.78711026
DebateReligion,79.19639956,-10.3637379
DynastyFF,42.08411128,-5.153403139
Eve,-9.620313931,-66.1161638
FIFA,-18.03241792,-62.6750599
Fitness,-19.76472657,-86.38299514
GlobalOffensiveTrade,-26.33558035,-65.22180162
Incels,22.58461876,-4.545816532
Jeep,6.548453846,-14.10243577
Jokes,-30.4689705,-62.57443666
MMORPG,29.09672092,-60.26077108
NoFap,-5.594980619,-58.98536862
Piracy,20.58309793,-20.29250075
SVExchange,13.14995982,19.52278315
Seattle,23.1250739,-55.16187115
Terraria,17.99057181,-23.02449613
TrollXChromosomes,-12.76388177,-65.00918593
airsoft,28.53685728,-31.62863393
amiugly,-10.79533164,-36.19464594
bloodborne,23.87972184,-39.57963184
chelseafc,21.92661734,-7.8938334
childfree,11.77954007,-69.11619829
drunk,-7.953267017,-24.53871635
ecigclassifieds,6.21632102,15.08926617
europe,-2.358087896,-89.12348833
explainlikeimfive,-21.73800508,-85.78194937
funkopop,-6.998782335,-30.53322423
iamverysmart,-24.89319317,-49.72768483
leagueoflegends,-33.290897,-85.07008007
mbti,69.60594112,-3.151168427
montreal,50.75248379,-17.13867792
offmychest,-4.029468546,-58.06696382
pcmasterrace,-31.06366164,-84.2428191
rapbattles,44.9816057,23.77625266
seduction,13.7249884,-28.77391977
startrek,30.35676978,-59.08931319
streetwear,-23.00941392,-59.92577392
talesfromtechsupport,-25.62481533,-13.99523504
tf2,-12.19292092,-66.63223618
travel,-5.876404016,-73.16817519
unitedkingdom,-1.680420009,-88.22463415
vaporents,20.59662439,-24.61943346
weekendgunnit,8.45864685,14.88158607
writing,43.03354126,-63.15140244
