subreddit,x,y,ahc_d13,dpgmm_c40
49ers,-175.68944330000002,192.85604640000003,17,6
BloodGulchRP,-165.57173380000003,216.9576163,20,5
ClickerHeroes,-133.8503742,156.5444284,15,3
ContestOfChampions,-145.6052668,133.3272271,18,23
EDH,-130.8371999,191.9015867,16,10
EarthPorn,-225.83902180000004,153.7605821,4,27
Gamingcirclejerk,-191.4691565,182.0486906,13,17
GoneWildPlus,-235.23577090000003,145.51311069999997,19,34
KerbalSpaceProgram,-179.7929246,152.92085580000003,1,23
Kossacks_for_Sanders,-215.17419469999996,176.98012419999998,13,19
MMA,-197.98454099999998,123.80721340000001,5,14
NSFW_GIF,-226.4751711,149.5240572,4,27
OkCupid,-193.2504622,124.6581412,10,11
PoliticalDiscussion,-158.1223299,114.0595428,10,27
Quebec,-210.49366459999996,178.45014980000002,13,19
RealGirls,-226.40672769999998,149.5500285,4,27
SSBM,-165.8958802,179.8223499,18,23
Seahawks,-169.87475940000002,194.8246374,17,6
Surface,-134.5280105,153.4633188,15,3
Texans,-172.69931630000002,198.6248741,17,6
Twitch,-122.01511040000001,158.3352198,15,3
WahoosTipi,-177.25049119999997,207.1706574,20,6
Watches,-194.7930019,142.46952119999997,13,22
bakchodi,-184.2712033,196.820409,2,17
bleach,-160.04331530000002,160.1835332,18,23
clevelandcavs,-169.73256719999998,196.6391852,17,6
confession,-123.66255670000001,174.02423090000002,9,1
dataisbeautiful,-210.8844107,142.7153101,1,22
devils,-175.2748441,201.9922477,17,6
discgolf,-179.894097,185.8514508,18,6
dogs,-123.51447990000001,141.8164237,15,10
exmormon,-180.3212337,123.57546370000001,10,23
fantasybball,-138.156093,138.9109868,17,3
formula1,-189.8055834,133.7794358,10,23
gaming,-210.8682492,132.92978200000002,5,31
infertility,-152.6795751,176.95298,17,20
infp,-145.34428799999998,169.9045125,15,20
jailbreak,-120.9567973,148.3429236,7,11
malaysia,-209.9441233,180.8268166,13,17
onewordeach,-194.3511444,102.3378693,19,35
podemos,-210.85951269999998,105.83921000000001,11,15
randomactsofcsgo,-131.9601028,195.148372,16,33
rpg,-142.3565003,167.554784,15,3
rva,-171.8783194,179.05988159999998,18,17
steelers,-171.74357769999997,197.1883557,17,6
teslamotors,-181.9565881,147.64331140000002,1,23
thenetherlands,-182.9532581,146.57181719999997,1,23
vegan,-182.05933819999998,139.94315749999998,1,23
zootopia,-193.296411,184.9633614,13,17
Advice,-135.3274265,125.64574350000001,9,10
AndroidGaming,-139.8911146,197.23835259999998,13,22
Berserk,-169.473273,164.5524822,18,20
BigBrother,-181.69053459999998,212.99007369999998,10,5
Denmark,-215.74437110000002,173.6565732,1,19
DenverBroncos,-178.03003049999998,187.1398091,17,6
DetroitRedWings,-177.8712159,190.2118073,17,6
DotA2,-175.9603105,109.26165590000001,5,26
Economics,-222.91161859999997,133.3406429,1,22
FlashTV,-169.6454042,130.9595588,8,23
FrankOcean,-162.90984780000002,128.3722837,8,23
InternetIsBeautiful,-220.54510409999997,135.6089271,4,22
Israel,-211.890195,179.306304,13,19
MarioMaker,-134.79076819999997,195.4654142,16,33
MilitaryPorn,-214.63425759999998,160.9579005,13,20
MonsterHunter,-148.6576264,150.6405901,10,23
NewYorkMets,-180.3455292,209.74406919999998,20,6
Nootropics,-135.0969361,163.6547055,15,3
OutreachHPG,-162.213221,184.2979604,18,20
PKA,-166.40311599999998,173.0668593,18,23
Patriots,-168.9112373,193.81758680000002,17,6
Pokemonexchange,-168.8606825,138.9465487,17,33
Polska,-211.76494669999997,108.0170646,11,7
RimWorld,-155.2051296,153.9409331,18,23
SchoolIdolFestival,-185.7932833,137.2870647,10,23
Showerthoughts,-161.65124719999997,103.80600140000001,7,14
StardustCrusaders,-165.36776819999997,156.14273390000002,18,23
TalesFromRetail,-125.40508200000001,176.179466,17,17
Whatcouldgowrong,-231.59161740000002,166.0550265,2,9
XMenRP,-166.04831130000002,217.52362000000002,20,5
apple,-169.7008387,115.12824750000001,7,23
baseball,-195.1466943,124.8685007,5,5
bjj,-179.6159581,140.1299904,10,23
bostonceltics,-165.728431,193.9568975,17,6
brisbane,-169.7480435,177.6368547,18,23
business,-222.41086940000002,129.5482493,4,22
comics,-220.49570269999998,133.98153100000002,4,22
creepy,-217.13002090000003,131.32365359999997,3,22
diablo3,-138.2419919,145.08497119999998,15,23
feedthebeast,-149.2023823,149.1133429,10,23
freefolk,-158.1010612,158.8768112,18,23
funny,-209.99970679999998,132.0305565,5,31
future_fight,-164.145778,184.30386380000002,18,20
halo,-171.7976481,122.84120390000001,7,23
japanlife,-150.01814099999999,183.9250493,17,3
korea,-166.6463506,161.31952809999999,18,3
mountandblade,-140.6903341,148.4434126,18,23
paydaytheheist,-156.0479469,153.9601311,18,23
personalfinance,-119.49100279999999,142.63544240000002,6,10
phish,-173.1564959,202.3914614,17,6
roosterteeth,-175.5609705,152.8421541,1,23
sanfrancisco,-208.3394605,166.4345669,13,19
subaru,-193.66591619999997,166.90008799999998,8,20
sydney,-168.73899369999998,177.13681599999998,10,23
tifu,-115.7178226,151.8586487,10,11
torontoraptors,-172.4036744,189.5156332,17,6
AFL,-182.32108469999997,208.5579643,20,6
AmericanHorrorStory,-139.7960653,139.24056330000002,18,20
AppleWatch,-139.0297733,153.2942165,18,3
AskEurope,-135.37866780000002,186.0677456,14,33
AskHistorians,-117.12154240000001,161.7617239,15,22
AskReddit,-172.5734149,108.25146399999998,5,14
AskWomen,-158.7771078,113.0085855,10,11
Atlanta,-178.23624030000002,149.9367416,10,23
CCW,-166.5073012,167.1747455,18,23
CHICubs,-179.77654760000001,211.77697430000003,20,6
ClashRoyale,-173.2989881,120.2460277,7,23
EngineeringStudents,-138.0537147,144.5127015,15,23
Firearms,-207.86746010000002,165.27904019999997,13,20
Frugal,-151.72266330000002,163.49785680000002,17,23
HistoryPorn,-225.6621366,160.0175826,2,9
ImGoingToHellForThis,-219.2200255,147.7848776,3,26
JUSTNOMIL,-136.11662880000003,194.40643559999998,16,10
MLPLounge,-186.5618933,202.9707773,2,17
MURICA,-210.05471119999999,156.8952381,2,26
MaddenMobileForums,-148.34669630000002,132.22438780000002,18,20
MapPorn,-225.1256734,166.6461834,1,22
MorbidReality,-229.3146301,161.81604840000003,2,9
Overwatch,-173.4109605,110.16367109999999,5,26
Roadcam,-221.936667,163.16269530000002,1,9
SquaredCircle,-198.94238700000002,122.7721269,5,14
StarWars,-194.4035263,137.9296185,1,26
StardewValley,-154.05353540000002,143.0609614,8,23
Steroidsourcetalk,-151.9891704,183.722992,17,3
TryingForABaby,-139.22832759999997,130.3977889,18,20
Unexpected,-219.44427140000002,146.7480737,3,26
UpliftingNews,-216.31935049999998,131.0108832,3,22
army,-167.19375459999998,144.8001419,17,23
britishproblems,-136.2868729,138.9212677,9,33
canadaguns,-173.9574657,176.26790459999998,18,20
circlebroke2,-207.7273406,179.1276263,13,17
college,-136.10548390000002,143.67640469999998,15,1
de,-200.6322051,141.9075053,1,19
edmproduction,-127.2152334,158.33481,15,3
fantasyfootball,-161.9624018,112.03679450000001,10,23
fatlogic,-188.8699001,144.0883603,10,22
gamedev,-126.15384089999999,160.2720735,15,10
gaybros,-177.5780985,161.4736489,18,23
greece,-202.44271080000001,199.8076961,13,7
makinghiphop,-135.9373961,195.8155666,13,33
metalgearsolid,-156.0207467,155.322711,18,23
newzealand,-185.4319906,142.7011821,1,23
nonononoyes,-231.0825839,167.7254122,2,9
nyjets,-173.2183534,196.23121980000002,17,6
pics,-207.9607997,131.9305595,5,31
pokemon,-171.99786630000003,115.0223297,7,14
ptcgo,-140.9810585,148.13189530000002,18,23
quityourbullshit,-233.31492799999998,164.8088731,2,9
raisedbynarcissists,-136.1195724,123.1824937,9,10
running,-147.89797140000002,158.3384018,10,23
soccer,-198.44572409999998,123.956965,5,14
southafrica,-211.44689269999998,180.4561113,13,19
titanfall,-150.9456156,143.95118459999998,8,23
trashy,-234.42325530000002,158.6830446,3,9
treeofsavior,-146.48798630000002,146.42610480000002,15,23
truegaming,-139.7551273,181.27155349999998,14,11
ukraina,-202.33807380000002,199.93392790000001,13,7
unturned,-146.94988080000002,134.5299782,18,20
vainglorygame,-144.7666148,131.6952785,18,20
webdev,-183.85014230000002,168.97130890000003,13,3
AnimalCrossing,-161.08077340000003,147.90698569999998,18,3
AskDocs,-119.38682549999999,157.5828502,15,33
DBZDokkanBattle,-185.06904640000002,122.10169979999999,7,23
Edmonton,-168.4171985,164.94989919999998,18,23
GrandTheftAutoV,-159.18126850000002,141.95888280000003,8,8
Guitar,-122.59538970000001,143.46935219999997,15,10
Habs,-180.93290359999997,195.6517567,17,6
OldSchoolCool,-236.5452561,153.1748025,3,26
PoliticalHumor,-221.63955550000003,134.06291370000002,13,22
PoliticsAll,-195.28485469999998,185.86081919999998,12,33
RandomActsofCards,-159.0128079,130.3054854,8,33
Sneakers,-195.2325199,165.4300976,8,27
SubredditSimulator,-163.8288281,139.4795605,18,33
Torontobluejays,-181.1966492,210.6035832,20,6
WorldOfWarships,-183.3970271,135.2633471,10,23
anime,-179.57744340000002,108.39468190000001,1,26
askgaybros,-150.3896001,119.46333,9,10
beertrade,-161.5795763,129.46370770000001,8,14
bodybuilding,-183.48553049999998,212.0486597,10,5
bonnaroo,-162.400095,171.7300198,17,3
canada,-203.2608621,139.04104640000003,1,19
churning,-173.47896169999999,146.905825,10,11
civ,-154.6345206,145.77643,10,23
custommagic,-194.3351264,182.2033545,13,33
friendsafari,-164.1191772,125.3740074,7,15
gamecollecting,-194.7597454,172.3573639,2,20
hoi4,-153.1646335,153.04256030000002,15,20
indiegameswap,-124.3577,150.2731148,16,33
kpop,-190.4333835,158.21981340000002,1,23
learndota2,-139.92538530000002,165.19794869999998,15,10
medicine,-182.7156064,165.3243135,15,17
nrl,-183.1927566,208.00988069999997,20,5
occult,-144.3156056,171.7455788,15,3
progresspics,-227.1098981,157.5739372,2,21
raspberry_pi,-127.0876794,162.5330114,15,3
runescape,-174.96681909999998,120.3758024,7,23
science,-212.78182830000003,144.7886727,1,22
serialpodcast,-141.8592612,182.2326747,14,11
singapore,-160.9196969,177.2677774,10,8
skyrimmods,-124.9256004,158.63183909999998,15,11
spaceengineers,-174.36792659999998,170.2597919,18,20
starbound,-137.048674,154.3198052,18,3
survivor,-186.33720209999998,130.1423806,10,23
techsupportgore,-229.81566980000002,163.9471695,2,9
watchpeopledie,-234.2151034,162.7593061,2,9
ADHD,-130.58972450000002,141.79978400000002,15,10
AskNYC,-134.5118696,158.2861027,15,3
AskThe_Donald,-132.2264889,164.67670180000002,15,3
Barca,-180.2163661,197.3544446,17,17
Bass,-129.7892707,163.02747340000002,15,3
Braves,-174.675951,201.185044,17,6
CallOfDuty,-219.41909040000002,125.83764129999999,18,22
Cricket,-205.27361530000002,148.5195459,20,14
Filmmakers,-185.15546080000001,168.2355909,13,22
Games,-210.6294899,135.7726163,1,22
JoeRogan,-203.6487651,157.9848634,18,8
LifeProTips,-127.7220219,174.01269219999998,10,14
Mariners,-176.7637011,212.0509517,20,6
MobiusFF,-142.0641092,133.6319746,18,20
Music,-197.2752563,137.4181934,1,22
Neverwinter,-141.2298945,135.0568002,18,20
NintendoNX,-159.7076649,174.14590900000002,18,17
PhotoshopRequest,-199.57443869999997,189.25214680000002,4,33
SWGalaxyOfHeroes,-148.7825353,122.1193834,9,23
SandersForPresident,-178.89770009999998,108.678727,1,26
StrangerThings,-199.2971709,157.2982704,2,8
WWE,-142.2616169,139.6503748,18,8
WeAreTheMusicMakers,-127.24481680000001,159.1491349,15,3
askscience,-117.2698611,161.6798003,6,33
avengersacademygame,-145.9852216,131.267911,18,20
bravefrontier,-188.2661524,130.1882811,10,23
btc,-213.7488704,174.8297915,13,19
dankmemes,-230.4264881,148.7399966,2,15
elderscrollsonline,-150.3556733,122.2351668,9,23
electronic_cigarette,-176.98021719999997,113.0045562,7,11
ethereum,-183.1521361,162.09076090000002,15,19
fairytail,-159.22290859999998,174.9187901,18,17
gardening,-192.1294165,165.9630363,13,3
gundeals,-224.64796189999998,162.5974732,2,9
holdmybeer,-230.004202,167.733592,2,9
howardstern,-166.5838651,174.7312293,17,23
ladybonersgw,-197.37182990000002,168.24199919999998,19,33
leafs,-178.49479419999997,190.8200211,17,6
melbourne,-176.2885232,146.89116299999998,10,23
minnesotavikings,-178.26676709999998,187.13462040000002,17,6
opieandanthony,-186.7216444,124.25552350000001,8,23
penguins,-174.19196409999998,199.96482869999997,17,6
photoshopbattles,-199.0229542,190.0341727,4,33
redsox,-178.98342399999999,210.0528244,20,6
rupaulsdragrace,-187.4671111,125.50644390000001,10,23
starwarstrader,-166.3268659,185.135386,18,20
synthesizers,-185.7123043,156.6845538,15,20
toronto,-184.89379830000001,142.6422747,1,23
whitesox,-177.4538322,206.09000780000002,20,6
3dshacks,-131.3822226,170.63433669999998,10,17
Bitcoin,-194.9670276,140.369743,1,19
BravoRealHousewives,-162.7799139,190.1656521,17,5
BuyItForLife,-132.436598,180.279654,14,17
CatsStandingUp,-195.4546095,102.5588401,19,35
CruciblePlaybook,-148.5935926,163.65954409999998,9,23
FashionReps,-164.7305534,127.98423580000001,8,33
GaryJohnson,-172.71409219999998,170.3557659,18,20
GlobalOffensive,-175.28927969999998,109.52322520000001,5,26
GreenBayPackers,-169.4964926,194.8101743,17,6
IASIP,-170.5642694,158.8779711,13,15
LegendsOfTomorrow,-158.6670496,167.1680917,17,17
MakeupAddiction,-168.9376801,117.5718612,7,23
Maplestory,-150.1847727,138.83407419999998,8,23
MechanicAdvice,-144.3145268,145.8602814,15,23
Monstercat,-184.7374449,177.3937496,2,23
NFL_Draft,-155.2320179,172.35925659999998,17,3
OnePunchMan,-172.1672477,160.814999,18,20
Pokemongiveaway,-162.57374319999997,123.91665790000002,8,33
Portland,-184.41979890000002,143.7383739,10,23
RWBY,-191.240022,157.3779475,1,23
Rainbow6,-173.8188695,120.0374784,7,23
ShitAmericansSay,-205.1217246,169.5653108,1,22
The_Donald,-175.5521423,107.808099,5,14
TrueReddit,-211.37841269999998,168.79235400000002,1,22
Unity3D,-183.2333047,169.5151966,13,3
asktransgender,-150.1852519,120.02753490000002,9,10
audiophile,-129.0163288,159.5495456,15,3
beer,-200.33937959999997,156.6902426,2,8
canucks,-178.4649583,191.243464,17,6
cowboys,-165.9196337,194.92036140000002,17,6
crusadersquest,-170.1102916,179.99313840000002,18,20
customhearthstone,-195.43646840000002,173.34715930000002,13,33
detroitlions,-174.00019890000002,194.06271030000002,17,6
fakeid,-162.40733380000003,127.34675959999998,8,33
falcons,-175.6139756,196.474655,17,6
funhaus,-216.7643602,152.1526924,2,26
h1z1,-150.8941175,139.73263319999998,8,23
islam,-207.8936499,150.3618431,13,22
justneckbeardthings,-233.42326659999998,158.8730768,2,9
lakers,-172.1941406,192.9688783,17,6
me_irl,-218.7068108,133.5959193,3,31
motorcycles,-179.9378871,130.466577,7,23
paragon,-149.5126929,122.1892876,9,23
space,-217.8629207,143.31123190000002,1,22
starcraft,-179.4209177,141.9822762,10,23
thewalkingdead,-154.78999530000002,134.6139551,10,23
uwaterloo,-145.373493,149.1704761,18,23
videos,-207.4786253,131.4002226,5,14
Art,-219.5466693,133.4240345,4,22
CFBOffTopic,-169.54418940000002,216.03407799999997,20,5
CrappyDesign,-227.1681316,153.97860749999998,4,9
DC_Cinematic,-185.11647050000002,133.7679537,10,23
DebateAChristian,-143.13205280000003,181.4116856,14,11
Drama,-211.6412143,103.6705161,11,7
Entrepreneur,-124.8735405,142.56038909999998,15,10
GearsOfWar,-141.04002739999999,141.0298967,18,23
INTP,-148.1083717,166.30196030000002,14,23
Judaism,-212.2007359,180.5462017,13,19
Naruto,-160.1860258,158.316001,10,23
Redskins,-174.8712324,195.3396951,17,6
Repsneakers,-190.1884874,113.5480696,8,14
ShitWehraboosSay,-203.1002631,168.4950415,13,20
SuicideWatch,-133.7592137,125.0647051,9,10
TheSimpsons,-228.9941877,149.5264511,2,9
Toonami,-173.61623390000003,211.92025730000003,20,33
TownofSalemgame,-144.3512582,135.5832349,18,20
Vaping,-194.2799011,166.75149059999998,8,20
atheism,-187.5485543,147.4164006,1,23
battlecats,-167.51337709999999,183.862378,18,20
blackdesertonline,-166.9016215,116.70640990000001,7,23
cigars,-168.6514419,138.0193183,17,23
collapse,-211.4908264,178.0745844,13,19
crossfit,-165.9067676,164.282979,18,20
darksouls3,-167.4747749,110.279802,7,26
factorio,-129.6721311,157.30183190000002,15,23
fo4,-167.84668280000002,115.8519872,7,23
gonewild,-236.9411423,144.5708055,3,27
hcteams,-190.33195469999998,113.4468463,8,14
iphone,-156.0668004,141.48404969999999,8,26
keto,-125.67174080000001,142.33666159999999,9,23
lgbt,-201.3860455,154.23161130000003,18,22
nintendo,-185.6300203,148.4377639,1,23
pakistan,-211.1457829,182.3642196,13,19
panthers,-171.24386,197.4314833,17,6
radiohead,-168.6860763,130.03990670000002,8,23
rage,-230.2980679,160.9220675,2,9
shield,-158.6622102,167.15753080000002,17,17
swtor,-148.5504157,151.37398000000002,10,23
thinkpad,-134.6594767,156.8517512,15,3
warriors,-170.55625759999998,192.2675726,17,6
westworld,-154.3047709,146.81289119999997,10,23
wicked_edge,-178.7174214,160.6574877,18,23
woahdude,-219.12036380000004,145.342098,3,26
wowservers,-158.97028480000003,159.4530656,18,23
3Dprinting,-184.20773880000002,157.8123981,13,23
Anarcho_Capitalism,-214.382646,176.6476793,13,19
Brawlhalla,-167.96758369999998,134.5498325,8,23
DIY_eJuice,-132.0978461,165.5418764,15,3
Dodgers,-178.07004730000003,210.50143709999998,20,6
HunterXHunter,-160.1165811,160.1585012,15,20
LivestreamFail,-213.02055209999997,159.6586029,2,9
MLS,-190.5887664,132.5721909,10,5
Parenting,-144.10740619999999,162.2346437,9,10
RandomActsOfGaming,-131.3486277,199.58345590000002,16,33
Rivenmains,-167.4344144,172.2297689,18,20
RocketLeagueExchange,-180.30771930000003,115.4497631,7,14
Steam,-118.22195959999999,152.25707169999998,7,11
TheBluePill,-206.09482830000002,167.3737935,13,20
Turkey,-209.096569,173.3567521,13,7
WaltDisneyWorld,-166.3854601,160.90403759999998,18,20
beermoney,-127.0791631,168.4985233,16,33
beyondthebump,-138.6411556,125.32283410000001,9,10
breakingmom,-139.77836059999998,124.65955179999999,9,20
chicagobulls,-166.4426189,194.49163069999997,17,6
coys,-179.0693212,192.571046,17,6
depression,-132.8882021,123.6920587,9,1
forza,-159.5980872,142.35338069999997,18,3
fountainpens,-185.182454,157.51300859999998,13,23
grandorder,-185.45339219999997,136.73849209999997,10,23
hillaryclinton,-197.0670302,140.12739030000003,7,14
im14andthisisdeep,-229.3305315,152.8524206,2,9
linux_gaming,-178.2979398,167.8166106,13,20
manga,-138.2925414,192.6362833,1,33
minecraftsuggestions,-141.7189408,147.04570880000003,18,23
nsfw,-225.92811260000002,150.0140482,4,27
pcgaming,-186.8296925,147.76593559999998,1,23
pettyrevenge,-125.4332047,176.3502862,17,17
portugal,-213.01441409999998,106.82945159999998,11,7
scifi,-209.58320759999998,158.4649443,13,8
spacex,-203.251603,163.6192632,14,8
stlouisblues,-173.9157521,205.5464931,20,6
summonerschool,-154.87539230000002,117.72945520000002,10,10
sysadmin,-159.5342325,117.4696871,10,23
walmart,-143.9643969,128.9249154,18,20
wiiu,-154.5821831,162.5155968,18,23
xxfitness,-134.0061853,168.13322230000003,10,10
40kLore,-160.6530699,161.4374365,14,20
AMA,-124.69598899999998,174.9501665,9,17
AdvancedRunning,-158.0055378,183.92790359999998,17,3
BABYMETAL,-192.87062340000003,180.858327,13,17
Blink182,-172.4813747,188.98804819999998,17,6
Boxing,-205.8282721,150.7916612,17,8
CHIBears,-175.5501054,193.7864821,17,6
DCcomics,-179.28572580000002,143.4290012,10,23
DFO,-147.78807719999998,135.90434390000001,18,20
DeadBedrooms,-131.93749350000002,146.56975490000002,9,10
FFRecordKeeper,-182.55008700000002,134.172077,10,23
GamerGhazi,-208.6310674,176.7990425,13,19
LSD,-151.4873149,140.7589931,8,23
MDMA,-136.8119513,155.60169380000002,18,3
MLBTheShow,-147.5346601,132.3312501,18,20
Marvel,-175.5472711,151.3505564,1,23
MechanicalKeyboards,-177.86659980000002,130.48088729999998,7,23
Nexus6P,-135.2175351,152.2061709,18,23
OnePieceTC,-167.476474,130.5615089,8,23
OverwatchUniversity,-143.9953846,163.7443488,14,23
PhantomForces,-160.3134669,134.3704023,18,20
Philippines,-189.8056336,129.3449018,10,23
PleX,-128.33455179999999,162.67108280000002,15,3
PrettyLittleLiars,-144.717228,130.87844009999998,18,20
ProgrammerHumor,-211.2404247,158.747452,1,26
RocketLeague,-170.81877,119.93469840000002,7,26
Romania,-213.52560240000003,108.80788729999999,13,7
RotMG,-168.5849252,135.2240908,8,23
TokyoGhoul,-169.9519281,166.2721678,18,20
XWingTMG,-161.66496940000002,154.722432,15,20
battlefield_one,-156.25016519999997,139.92397759999997,7,26
boardgames,-159.8393055,117.6960912,10,23
buffalobills,-174.5654709,196.919122,17,6
cripplingalcoholism,-153.8169259,180.9003953,17,3
dndnext,-146.95242969999998,164.1598954,15,23
dubai,-166.5435631,172.5331675,18,23
eagles,-167.0037739,195.0369869,17,6
ffxiv,-161.37839169999998,115.3325754,10,23
financialindependence,-138.86563710000001,182.580289,14,11
gonewildaudio,-168.6935329,136.7270023,17,23
heroesofthestorm,-162.588674,115.2311664,10,23
homestuck,-190.86838559999998,181.9477003,13,23
intj,-148.0851436,167.40638700000002,14,20
investing,-133.1264,168.4098079,10,11
medicalschool,-157.9013668,160.0592812,18,3
metacanada,-191.8642744,183.7656355,13,17
nvidia,-128.3630082,152.8214484,10,23
offbeat,-221.6193293,134.98863740000002,13,22
opiates,-140.5594736,123.1885865,9,10
paradoxplaza,-169.8080361,161.4225707,13,20
photography,-194.0661347,141.2746003,1,19
programming,-208.2448205,144.39182639999999,1,22
ravens,-174.4095505,198.81668480000002,17,6
trees,-172.8016763,112.3457876,7,26
vancouver,-180.8462914,141.259995,10,23
woweconomy,-134.43877719999998,159.4695095,15,3
youtubehaiku,-225.29976299999998,139.6327645,4,31
ACTrade,-160.3690676,124.59152009999998,8,33
Astros,-174.35762739999998,209.15592009999997,20,6
BattleRite,-140.407456,142.9986136,18,20
Civcraft,-167.8469279,183.7449757,18,20
CompetitiveHS,-137.2035104,181.89708100000001,14,11
Cooking,-130.0149821,172.01626399999998,10,17
DarkSouls2,-132.6163974,139.18966730000002,9,23
Fishing,-197.6230861,160.22845900000002,2,8
ForeverAlone,-154.2374124,178.913521,18,3
GalaxyS7,-136.69039650000002,151.8568459,18,3
GenderCritical,-215.2305038,180.3892715,13,19
KCRoyals,-174.6165019,213.16651459999997,20,6
LetsNotMeet,-132.3342854,160.9129523,15,23
MGTOW,-187.23010290000002,157.12707419999998,13,23
MakingaMurderer,-148.3041716,158.97766330000002,10,23
Multicopter,-185.52067140000003,159.12092230000002,13,23
OnePiece,-174.5100183,144.049276,10,23
OutOfTheLoop,-118.03339890000001,152.8583241,15,11
Paladins,-141.02043659999998,141.48295149999998,18,23
Rateme,-197.1228633,168.2603235,2,33
Scotland,-207.9663564,176.70557319999998,13,19
Silverbugs,-177.8181842,184.33919419999998,2,20
Warthunder,-184.86405980000004,134.8837125,10,23
chicago,-179.1155375,150.7343506,1,23
circlejerk,-209.78881009999998,107.0389432,11,16
creepyPMs,-228.5424131,158.7819482,2,9
duelyst,-153.6371899,154.4558638,15,20
exmuslim,-187.3132185,154.67506219999999,13,19
fantasybaseball,-155.8817611,179.0296784,17,23
furry,-189.05758899999998,158.9104024,1,23
gamegrumps,-175.6876571,153.2047006,1,23
hardware,-206.85971999999998,164.1674352,13,19
heat,-183.7487233,194.91003419999998,2,17
houston,-177.92529950000002,149.5391311,10,23
loseit,-122.8411879,141.3659874,10,10
makeupexchange,-160.75905319999998,126.42580149999999,8,33
miamidolphins,-177.1673899,193.8378748,17,6
mylittlepony,-194.00870569999998,185.304139,13,33
natureismetal,-229.1753509,165.8068988,2,9
ottawa,-166.65392580000002,155.1750561,18,23
researchchemicals,-141.4927616,134.1865927,18,20
rugbyunion,-180.6943005,191.7896757,17,6
sweden,-182.5066624,144.3851625,1,23
thedivision,-167.8117554,110.279395,7,26
totalwar,-151.798723,150.0089119,10,23
whatisthisthing,-223.41097050000002,155.8391217,4,9
zelda,-199.6795279,157.3555721,18,8
Accounting,-145.4321763,146.0336253,15,23
AdviceAnimals,-207.5777535,134.1215833,5,22
BabyBumps,-141.28893159999998,123.32207679999999,9,10
BitcoinMarkets,-135.4420804,185.9666453,14,33
Calgary,-178.25994599999999,146.8376543,10,23
CasualPokemonTrades,-161.10628540000002,125.26814109999998,8,33
Christianity,-177.9141725,135.57975969999998,10,19
Diablo,-152.8437856,162.2932294,10,23
Doom,-139.2727381,153.30748190000003,18,3
EnoughTrumpSpam,-193.6991289,152.0001818,1,5
FULLCOMMUNISM,-204.5555543,179.4093832,13,15
FoodPorn,-226.91880930000002,156.3588698,2,21
GifRecipes,-232.6743798,166.27012319999997,2,9
HomeImprovement,-126.1255949,156.8311735,15,3
LateStageCapitalism,-210.0655716,166.730195,1,22
LiverpoolFC,-189.3449501,131.0444229,10,6
Metal,-222.7171281,136.957354,13,22
Military,-203.46254840000003,156.5355942,2,8
NHLHUT,-184.7430537,121.39073379999999,8,23
NYGiants,-172.9698878,194.6452005,17,6
NoSillySuffix,-213.2540912,103.5950166,12,7
OSHA,-230.01523459999999,163.9661134,2,9
Pathfinder_RPG,-142.62739630000002,158.5000293,15,10
PokemonPlaza,-162.3664959,123.95863429999999,8,33
PvZGardenWarfare,-146.1870313,132.534157,18,20
RedLetterMedia,-173.8265598,166.8220614,18,17
SSBPM,-174.9990212,173.41671259999998,18,20
StLouis,-175.1701752,171.9909403,18,20
TheRedPill,-150.3477629,179.52818249999999,17,22
TwoBestFriendsPlay,-186.26972130000001,137.8730572,1,23
TwoXChromosomes,-154.51604730000003,133.1364637,1,22
asoiaf,-161.2039871,113.9499541,10,23
aviation,-206.2463575,157.8785463,13,8
badeconomics,-202.3606019,164.1861934,14,33
batman,-201.34052409999998,156.9008733,2,8
battlefield_4,-198.5231441,158.93291330000002,2,8
belgium,-207.32183569999998,166.614712,13,20
brasil,-213.19526890000003,107.7142077,11,7
changemyview,-143.3905509,184.8866171,10,27
climbing,-176.6785476,161.13931369999997,18,20
croatia,-212.12358030000004,106.88937150000001,11,7
cscareerquestions,-130.92727720000002,140.65289140000002,9,23
csgobetting,-132.27088500000002,198.20907119999998,16,33
danganronpa,-163.97844619999998,156.35796580000002,15,23
deadbydaylight,-147.9540436,142.5609005,9,23
dfsports,-151.28601899999998,184.28244630000003,17,3
entp,-159.18324840000002,183.76782790000001,17,20
excel,-123.3498298,159.998031,15,3
gameswap,-158.5851678,126.5208996,16,33
ireland,-184.5383043,141.8012005,1,23
kancolle,-192.3378869,181.2154476,13,17
knifeclub,-192.3092261,172.7235437,2,20
linuxmasterrace,-178.14021630000002,167.9808608,13,17
mildlyinteresting,-236.9207759,153.3524721,3,26
norge,-210.7752429,176.9343034,13,19
oculus,-177.2439699,125.0861837,10,23
peloton,-202.6424232,168.58102130000003,13,20
philosophy,-201.17132719999998,152.9628653,1,22
politics,-200.10776380000001,125.16699540000002,5,14
premed,-140.36040480000003,134.5601692,18,20
pumparum,-158.9370173,130.40791389999998,8,33
sexover30,-157.4829479,183.940103,17,3
trap,-225.0123108,138.8931884,4,31
wifesharing,-233.95386630000002,145.3307574,19,34
worldpolitics,-222.774889,135.4523426,13,22
wow,-170.0787208,111.86452790000001,7,26
youtube,-185.7355268,170.5994991,13,33
Anxiety,-132.698404,126.35233559999999,9,1
Aquariums,-193.2394639,170.6516993,13,20
Austin,-177.0300678,148.0299532,10,23
BMW,-192.4906898,168.0345875,2,20
Buddhism,-144.8510438,172.757367,15,3
CampHalfBloodRP,-166.29512490000002,218.02515150000002,20,5
DIY,-220.1068721,159.8503666,1,33
ElectricForest,-164.77008659999998,172.81997990000002,17,23
Fireteams,-208.62741880000002,104.58566640000001,7,15
Futurology,-210.9470923,142.8013043,1,22
HighQualityGifs,-222.76459049999997,157.6856659,2,9
IronThronePowers,-151.4239866,176.06146769999998,18,24
JusticeServed,-232.1590449,163.92727040000003,2,9
KingdomHearts,-154.8193455,150.7818711,18,20
KitchenConfidential,-163.9118835,163.2923821,17,20
RandomActsOfBlowJob,-121.0191713,162.50928380000002,12,33
Re_Zero,-178.80954930000001,173.3004317,2,20
Screenwriting,-145.3594119,169.1308954,15,20
TrueDoTA2,-145.3415779,164.6228734,14,23
Vive,-177.81387030000002,124.26068300000001,7,23
WayOfTheBern,-212.68127290000004,178.1790061,13,19
WikiLeaks,-209.1184252,160.29062580000002,13,8
bengals,-173.10064419999998,197.66497080000002,17,6
bicycling,-181.4573028,155.2504738,13,23
bladeandsoul,-166.4448581,117.28654420000001,7,23
buildapc,-117.8030162,146.6362045,6,10
dating_advice,-133.5431788,125.601808,9,10
dayz,-168.7145483,149.4471132,8,23
dbz,-161.183457,176.3918626,10,8
eu4,-156.6946983,150.6244351,10,1
gravityfalls,-180.6711264,172.5931977,13,20
h3h3productions,-220.8891962,144.67841069999997,4,26
harrypotter,-152.4667301,158.58603349999998,10,23
history,-184.71385759999998,149.6230748,1,23
horror,-203.56945890000003,155.3865832,1,8
jobs,-134.55246110000002,128.2089163,9,1
learnpython,-122.72696380000001,160.25652130000003,15,10
linux,-204.28510580000003,163.06273169999997,1,8
muacjdiscussion,-141.20700209999998,182.0926241,14,11
nfl,-196.45350630000002,123.1835884,5,5
nyc,-204.26127319999998,154.795243,1,8
olympics,-215.38608829999998,141.26041740000002,2,22
patientgamers,-136.1532375,180.7745078,14,11
pebble,-135.6586302,155.3826125,18,3
pittsburgh,-174.2627417,165.86056200000002,18,17
pokemongodev,-133.61939420000002,179.6056575,14,17
popheads,-183.2987783,179.55075449999998,13,17
r4r,-225.2751001,129.2591717,6,22
reddevils,-189.02629950000002,131.4981984,10,6
short,-153.3040692,171.1130977,17,3
television,-214.1307174,132.738754,1,22
vexillology,-215.18701349999998,161.35788430000002,13,20
worldpowers,-163.2633283,138.535135,18,24
7kglobal,-157.872983,175.8205635,17,17
AskScienceFiction,-150.1978122,152.53905469999998,15,23
Austria,-210.07664810000003,175.30680759999998,13,19
BleachBraveSouls,-165.6843469,133.64023,9,23
CapitalismVSocialism,-143.96055719999998,183.3714967,14,11
CitiesSkylines,-181.58834919999998,171.098329,13,23
CombatFootage,-213.02398390000002,160.12088369999998,2,20
DunderMifflin,-162.4962936,147.2474187,2,26
EliteDangerous,-177.4480937,124.8068003,10,23
Flyers,-175.2315545,208.06396819999998,20,6
GooglePixel,-136.2281792,152.7001343,18,3
MCFC,-180.9524047,197.023031,17,17
MakeupRehab,-147.89674319999997,169.6333841,14,20
Minecraft,-156.4742593,143.9472241,7,23
MrRobot,-154.0964998,157.3498915,18,23
Nationals,-174.9145808,210.12376650000002,20,6
PSVR,-148.9799934,145.7539534,9,23
Planetside,-183.7021005,135.4816899,10,23
Political_Revolution,-208.40706730000002,160.88450749999998,1,22
TagPro,-177.5296195,179.8280469,13,17
WTF,-206.75045980000002,134.64766269999998,5,22
WritingPrompts,-120.74146709999998,139.83271409999998,6,35
actuallesbians,-166.00150580000002,150.40278840000002,9,23
askcarsales,-134.5370408,158.6847541,15,3
casualiama,-132.8415395,136.99200249999998,9,23
comicbooks,-181.5197369,144.6865438,1,23
dirtykikpals,-222.9388288,129.33987199999999,6,22
flying,-167.1363124,166.52459,18,23
gamindustri,-192.56544069999998,184.76430630000002,13,17
guitarpedals,-194.1681157,171.9867898,18,20
hardwareswap,-122.0157321,149.76099250000001,6,33
hiphopheads,-212.1252562,133.4687436,5,31
instant_regret,-231.42510499999997,167.0869093,2,9
interestingasfuck,-218.3943327,145.08524540000002,3,26
legaladvice,-120.1240771,143.0175508,6,10
movies,-210.82547319999998,133.716188,5,31
soccerspirits,-161.7856146,187.26648369999998,17,11
supremeclothing,-173.9093104,131.4015996,8,23
survivetheculling,-142.7198483,135.8749011,18,20
syriancivilwar,-199.8170337,142.41027590000002,1,19
teenmom,-163.3811231,190.80981409999998,17,5
tennis,-205.6395976,151.0847291,17,8
whowouldwin,-142.6990947,157.3007117,10,11
3DS,-128.3905257,152.6024073,10,23
4chan,-235.64147930000001,157.282531,3,22
Animesuggest,-130.73240619999999,191.9970741,16,10
AskAnAmerican,-137.4615105,182.7482207,14,11
AskCulinary,-131.9150804,161.67769750000002,15,23
AskTrumpSupporters,-142.6826942,158.18747199999999,15,10
Battlefield,-156.54842480000002,141.2322365,8,26
Catholicism,-187.46835990000002,154.4686875,13,19
Celebs,-226.3170909,140.9708333,4,31
Coachella,-162.3120366,170.5070802,17,3
DarkNetMarkets,-122.1906122,146.5874354,7,11
Fantasy,-149.6653877,160.4679311,10,23
FellowKids,-228.94668900000002,151.46199030000002,2,9
Guildwars2,-159.2970783,116.31622150000001,10,10
IAmA,-114.75947859999998,151.95494219999998,10,11
JonTron,-210.66631189999998,103.34040909999999,11,7
MensRights,-212.2585911,169.8140841,1,19
Miata,-191.721489,169.1927639,2,20
ModernMagic,-133.4609474,191.70798390000002,16,10
NASCAR,-182.1040408,209.3246031,20,6
PokeMoonSun,-138.7327211,141.2418563,18,23
WhoWouldWinVerse,-167.5143851,216.12414610000002,20,5
books,-212.2381528,138.72434669999998,1,22
buildapcsales,-222.2227954,161.6632686,1,9
darksouls,-132.5499475,138.3352059,9,23
hawks,-173.2879055,207.6719358,20,6
homelab,-128.9888365,157.5580343,15,23
indieheads,-206.37142269999998,153.6706969,1,8
japan,-180.41232390000002,165.17961640000001,15,3
kansascity,-173.1750178,165.0952968,18,3
london,-174.45429209999998,156.08238830000002,1,23
longboarding,-173.3831399,181.3923232,13,17
lowlevelaware,-200.02950990000002,202.5245863,19,24
networking,-133.4282574,164.22578000000001,15,3
newsokunomoral,-200.5905457,201.94081709999998,19,24
newsokur,-200.7096429,201.8160866,19,24
noveltranslations,-164.8955851,133.7169586,9,23
nursing,-133.9421512,144.4202371,15,20
shittyaskscience,-136.5638291,147.6407198,8,33
sixers,-173.7139176,192.60249019999998,17,6
socialism,-212.32569640000003,172.9128026,13,19
sportsbook,-152.5917474,183.3695365,17,3
starbucks,-143.83738190000003,128.9645939,18,20
starcitizen,-176.52251,125.6068104,10,23
stevenuniverse,-176.5961487,129.47177,7,23
sto,-162.0837872,155.1871409,15,20
tipofmytongue,-122.04478300000001,151.6925053,6,33
tmobile,-147.50628669999998,149.65639209999998,9,23
ultrahardcore,-191.24020900000002,112.9328788,2,16
vinyl,-180.53413559999998,154.3255141,13,23
worldbuilding,-142.4723976,166.64994199999998,15,23
Bad_Cop_No_Donut,-213.54939269999997,165.789479,13,19
BeautyGuruChat,-155.48241769999998,172.4158054,17,17
BlackPeopleTwitter,-237.5724963,155.6007517,3,5
CFB,-195.8503364,123.42512620000001,5,5
Chargers,-174.34438269999998,194.8599931,17,6
China,-206.6192145,176.1466845,13,19
ClashOfClans,-183.0970764,157.3017236,13,23
Conservative,-213.97087960000002,170.6370116,1,19
DestinyTheGame,-168.3572591,109.72141090000002,7,26
EatCheapAndHealthy,-132.5378719,180.2877745,14,17
FUTMobile,-159.972342,133.7977369,18,23
Fallout,-154.0035212,136.6799561,10,23
FeMRADebates,-216.104002,181.0453395,14,15
GameSale,-159.1698634,126.8712558,8,33
Kappa,-171.944646,133.4783086,7,23
Libertarian,-212.84927940000003,170.6591041,1,19
MtF,-144.78764919999998,137.6931528,18,20
NYYankees,-175.8553446,209.4019281,20,6
TrueChristian,-146.33044230000002,173.8193004,14,3
Yogscast,-172.7478046,161.3495253,18,20
ar15,-180.26632709999998,157.98386609999997,18,23
argentina,-213.7151395,106.92287560000001,11,7
asktrp,-137.83273300000002,125.10569879999998,9,10
audioengineering,-132.4300787,163.7044698,15,3
bayarea,-203.8018055,159.2218177,13,20
bipolar,-137.7981326,126.0111837,15,20
boston,-180.09314650000002,150.1226815,1,23
ethtrader,-182.93618840000002,180.23415469999998,13,17
gtaonline,-149.80451230000003,144.4645697,9,23
learnprogramming,-122.0235311,159.282057,15,10
lego,-194.2463157,153.13965969999998,13,23
malefashionadvice,-118.4823143,150.8521147,7,11
masseffect,-151.66379750000002,160.90895840000002,10,23
mechmarket,-122.5670679,150.20703500000002,16,33
microgrowery,-192.6557601,171.038624,2,20
niceguys,-231.12494449999997,160.7384004,2,9
northernireland,-207.4292074,179.7424706,13,17
nottheonion,-218.9487432,158.0959338,1,5
oddlysatisfying,-221.0626715,151.6189361,3,26
osugame,-174.818073,131.6570166,7,23
polandball,-235.3960679,164.1613889,2,22
rawdenim,-137.8881518,196.53908090000002,13,17
redditgetsdrawn,-199.10683559999998,189.1804778,4,33
rickandmorty,-218.87038629999998,151.44703159999997,2,26
skyrim,-154.892414,143.9059625,7,23
spam,-217.9715549,177.69863490000003,12,35
todayilearned,-207.07628280000003,133.71219109999998,5,14
zen,-161.5113466,189.5741309,17,5
Aleague,-182.4610941,196.91340559999998,17,17
Amd,-175.282744,146.56547350000002,10,23
Anarchism,-212.02796519999998,173.63477269999998,13,19
BostonBruins,-176.0101901,208.45459259999998,20,6
CasualConversation,-158.00697319999998,112.37342949999999,10,11
CrackStatus,-127.04853419999999,168.59403730000002,17,33
Cubers,-173.9780926,179.0092312,13,23
Denver,-174.7617438,164.6337022,18,3
Diepio,-167.5745035,134.33798149999998,8,23
Dirtybomb,-172.6240459,172.71108909999998,18,20
EDC,-225.31640159999998,159.67282769999997,13,22
FFBraveExvius,-158.096246,116.0830155,10,11
FFXV,-133.2863764,139.2903427,9,23
Geosim,-163.1533992,138.38261119999999,18,24
Gunners,-188.4946625,131.1850654,10,23
Kanye,-163.98630490000002,129.1521797,8,23
KotakuInAction,-191.4216733,146.50471299999998,1,23
MigrantFleet,-165.9811099,216.9511684,20,5
NeutralPolitics,-134.1106283,189.72711280000001,16,10
OpTicGaming,-151.3384577,185.3407741,17,17
PersonalFinanceCanada,-139.12732419999998,165.2119227,15,3
PictureGame,-193.9382253,186.1097986,13,17
PokemonShuffle,-136.2260891,179.7326077,17,17
Psychonaut,-144.20079330000002,170.0034897,15,20
PurplePillDebate,-144.61433,182.50050280000002,17,11
RealEstate,-219.42323059999998,125.76346609999999,15,22
ShitRedditSays,-204.7610219,168.6245603,1,23
Smite,-177.58859230000002,121.072015,7,23
StarWarsBattlefront,-170.3345014,122.73211299999998,8,23
TeamSolomid,-159.97377509999998,173.5517264,17,17
UnresolvedMysteries,-136.7725438,182.35719619999998,14,11
Weakpots,-186.2031736,201.28159219999998,20,17
WouldYouFuckMyWife,-234.15582560000001,145.2965331,19,34
anime_irl,-198.1963691,188.70138899999998,4,33
australia,-202.64847580000003,139.46525549999998,1,19
blackops3,-171.9313757,121.34809369999999,7,26
chess,-178.63011569999998,163.8145765,18,3
cringe,-216.0694074,133.2314922,3,22
dragonage,-139.0789992,165.6452306,15,3
dwarffortress,-170.66875019999998,163.455674,13,20
femalefashionadvice,-134.4679872,192.7627128,16,10
food,-215.94749669999996,133.7906087,3,22
forwardsfromgrandma,-231.34944240000002,157.9310241,2,9
golf,-168.64508930000002,149.4791243,8,23
indonesia,-209.4909146,174.28760019999999,13,7
lewronggeneration,-229.53754159999997,157.12783430000002,2,9
neopets,-176.5989305,179.56787340000002,13,17
oneplus,-135.993883,151.5744628,18,3
powerlifting,-165.4985084,179.64991640000002,18,17
proED,-140.56606090000002,130.2847815,18,20
pussypassdenied,-232.4649784,164.6996215,2,9
shittyama,-156.25759250000002,127.3889308,8,33
shittyfoodporn,-228.7892656,153.76490230000002,2,9
smashbros,-177.53956589999999,127.5177621,10,23
witcher,-154.6134358,142.7987443,8,23
woodworking,-181.80664019999998,155.7141241,13,23
2007scape,-174.3757845,119.0571047,7,23
CanadaPolitics,-215.4625477,179.32979430000003,13,19
CoDCompetitive,-167.6707971,176.7904706,17,23
Dallas,-175.08324530000002,164.19525890000003,18,3
Enough_Sanders_Spam,-208.4303836,179.6457279,13,17
Flipping,-164.8833689,164.8394947,18,3
FutureFight,-143.4644575,132.65213799999998,18,20
GameDeals,-221.9823478,160.01782509999998,1,9
GetMotivated,-217.3620251,138.5206113,1,22
HalfLife,-172.08322030000002,162.9036037,18,23
Homebrewing,-147.0996369,154.5539699,10,23
LosAngeles,-175.6635899,155.7418257,1,23
MaddenUltimateTeam,-185.3209831,120.8078386,8,23
MandelaEffect,-130.2093235,171.61530159999998,15,17
Nerf,-175.60733019999998,175.3769844,18,20
NewTubers,-222.07821239999998,131.3946987,13,22
NoStupidQuestions,-122.87670990000002,144.2760052,6,10
PS4,-169.6021254,113.8945159,7,26
PuzzleAndDragons,-186.5613466,160.6609611,13,11
RoastMe,-236.48590299999998,155.75926280000002,3,5
SanJoseSharks,-173.6680978,203.3352721,17,6
ScenesFromAHat,-137.6614146,140.45998319999998,17,3
SkincareAddiction,-121.3699938,161.1938839,15,33
SuggestALaptop,-122.47826140000001,162.41802230000002,15,33
Suomi,-212.05816459999997,104.0291731,11,7
TickTockManitowoc,-161.572623,184.5061939,17,20
TumblrInAction,-189.6333784,146.11525780000002,1,22
Winnipeg,-172.5629846,184.7592034,18,20
altright,-210.69514339999998,181.940174,13,19
androidapps,-225.3904028,129.36387539999998,16,22
arrow,-178.38252980000001,143.1590336,10,23
aww,-210.9394015,131.1526433,3,31
battlestations,-222.7303583,159.0807868,2,9
bestof,-212.4793534,144.8167029,1,22
betterCallSaul,-157.9647954,167.7617203,17,17
cars,-194.9328594,138.597295,1,19
conspiracy,-196.2909763,139.02932869999998,1,19
counting,-173.26135290000002,215.10972819999998,20,33
cringepics,-217.87015240000002,145.9694579,3,22
european,-200.0020638,176.2312562,13,1
facepalm,-232.92253459999998,159.1790326,2,9
fantasyhockey,-161.432966,172.52731530000003,17,3
fireemblemcasual,-160.6522091,190.0448242,18,5
france,-200.65066159999998,141.6797145,1,19
gifs,-238.18829300000002,154.596292,5,5
guns,-180.0953488,130.4733147,10,23
hapas,-213.0999078,181.20210669999997,13,19
hockey,-196.2720378,124.0782825,5,5
magicTCG,-137.44291909999998,192.0638505,1,10
nba,-197.2146023,122.79090079999999,5,14
news,-214.9857714,130.305501,5,22
orioles,-176.8996606,209.09499680000002,20,6
poker,-167.3635528,150.11406330000003,9,3
sports,-216.4716864,131.6255133,3,22
starterpacks,-231.36654539999998,165.1354784,2,9
steroids,-139.7100744,183.43764869999998,17,11
summonerswar,-179.3799783,122.54945990000002,7,23
techsupport,-120.7626838,156.6133731,6,33
twitchplayspokemon,-189.9221134,183.1374998,13,17
uberdrivers,-144.4968041,138.41334980000002,18,20
ukpolitics,-202.0637285,140.6165871,1,19
wallstreetbets,-169.61051940000002,128.7791529,8,23
washingtondc,-174.0025133,156.99425300000001,18,23
weddingplanning,-181.6412536,139.2524212,10,23
windowsphone,-148.29746200000002,147.8658427,9,23
worldnews,-206.4360817,132.6858719,5,14
yugioh,-136.89906440000001,193.1730123,16,10
ARKone,-141.2665696,136.3589265,18,20
AsiansGoneWild,-235.0704462,147.4511201,19,34
Coffee,-138.1470142,160.580846,15,3
Columbus,-171.26856719999998,164.5406504,18,20
Competitiveoverwatch,-149.5138265,161.9604651,10,23
DnD,-155.0184587,117.7037812,10,23
FantasyPL,-167.79940530000002,130.2831468,8,23
FinalFantasy,-152.719181,159.0331976,10,23
GGFreeForAll,-160.2136699,188.77680869999998,17,33
Indiemakeupandmore,-161.8166731,182.9086111,14,20
Infinitewarfare,-142.7971149,140.7875967,9,8
Metalcore,-183.51850259999998,177.6246765,13,23
NBA2k,-150.185604,138.6610104,8,23
NYKnicks,-174.5187653,192.620442,17,6
NoMansSkyTheGame,-170.2217327,114.81970020000001,7,26
PetiteGoneWild,-235.11297390000001,146.8563251,19,34
PublicFreakout,-234.29128160000002,162.0754303,2,9
Random_Acts_Of_Amazon,-185.8561771,204.80980449999998,20,5
Robocraft,-172.54418869999998,174.1317092,18,20
SeattleWA,-206.8916265,165.9507382,13,20
SecretSubreddit,-169.4676559,216.03848739999998,20,5
Shitty_Car_Mods,-228.60130159999997,154.8442744,2,9
StreetFighter,-179.29056819999997,141.2103128,10,23
TalesofLink,-165.4281898,184.3003592,18,20
The100,-153.68894730000002,171.53651399999998,17,20
Tinder,-219.07337819999998,148.52750590000002,3,26
Tradelands,-161.0480593,135.5195146,18,33
Undertale,-175.46840600000002,131.01944840000002,7,23
Windows10,-122.1275475,157.556027,15,3
WorldofTanks,-179.83454730000003,139.69292719999999,10,23
askphilosophy,-137.24539230000002,164.8326264,15,10
aspergers,-145.698327,164.5979614,14,20
bodyweightfitness,-131.2644054,162.5453761,15,3
civbattleroyale,-169.4082642,182.89042450000002,18,20
cordcutters,-155.3370802,162.9824964,18,23
exjw,-169.7366358,153.9427366,15,20
fireemblem,-186.5281443,129.5930108,10,23
frugalmalefashion,-139.0697658,197.01062240000002,13,33
gameofthrones,-168.50118930000002,113.5749892,7,26
gentlemanboners,-226.5102801,141.2411842,4,31
gonewildcurvy,-235.65963680000002,145.64693380000003,19,34
goodyearwelt,-136.60743689999998,195.97997769999998,13,17
kratom,-148.08341919999998,122.0984551,9,23
letsplay,-182.83265169999999,162.31168169999998,15,17
listentothis,-200.8485552,189.0850577,12,33
marvelstudios,-177.59288909999998,142.51280390000002,10,23
math,-135.3536887,163.06027619999998,15,3
milliondollarextreme,-183.7434061,177.7553449,2,23
nosleep,-117.4130888,151.5744247,7,11
oaklandraiders,-177.7444697,185.55373390000003,2,6
playark,-148.44396469999998,144.89303759999999,9,23
playrust,-171.0408261,122.2404762,8,23
pokemontrades,-178.82668859999998,114.6404682,7,11
rangers,-174.48091110000001,206.16195249999998,20,6
reactiongifs,-220.31474080000004,145.2443619,4,26
sandiego,-175.73989450000002,163.67901609999998,18,3
self,-124.1302903,174.3405621,9,1
sex,-120.73441170000001,142.0808414,6,10
soccerstreams,-132.460123,195.8370716,16,33
splatoon,-171.9710791,171.70481999999998,18,20
stopdrinking,-139.8138876,123.0797355,9,10
tattoos,-196.9023149,159.6385214,2,26
technology,-210.345317,136.1285691,1,22
teenagers,-170.6390505,128.0295505,7,11
thatHappened,-231.95435940000002,156.4475968,3,9
tumblr,-228.84779469999998,155.6025861,2,9
vita,-155.4626588,152.92531830000001,18,23
AirForce,-167.1366757,144.7985511,17,23
Android,-180.17044919999998,108.07715690000002,1,26
ApocalypseRising,-161.2807289,135.9307572,18,15
AskMen,-160.40696540000002,112.3564841,10,4
AskOuija,-194.8572578,102.4389993,19,35
AskUK,-133.11442820000002,165.994866,15,3
Battleborn,-147.7721612,143.9192332,9,23
Browns,-176.8310745,191.34620569999998,17,6
CODZombies,-176.4945466,118.8795399,7,23
CalgaryFlames,-177.11721819999997,201.0268112,17,20
Cardinals,-175.3951031,213.1144285,20,6
CrusaderKings,-155.89767080000001,151.27060469999998,18,20
Documentaries,-218.5444971,157.7036214,1,5
Drugs,-166.3989439,114.57659469999999,9,23
Gunpla,-192.26250339999999,171.998761,2,20
HillaryForPrison,-222.5566446,137.4985197,13,22
Justrolledintotheshop,-233.5881913,160.222593,2,9
LabourUK,-217.065519,177.7610872,13,19
MTB,-176.496929,164.4416544,18,3
Megaten,-172.7103812,179.21830930000002,18,20
NHLStreams,-131.3827233,199.4400385,16,33
NintendoSwitch,-152.4863792,161.06530659999999,18,23
ProtectAndServe,-180.86206049999998,187.96212250000002,17,6
SFGiants,-176.0848614,210.7745384,20,6
ShingekiNoKyojin,-172.50634409999998,166.1058968,18,20
Stellaris,-151.692509,151.3918956,10,23
SubredditDrama,-190.88655,146.5861344,1,22
Teachers,-134.2550479,143.75896310000002,15,20
TexasRangers,-175.80886809999998,211.63463540000004,20,6
TheSilphRoad,-154.3603292,136.2142613,10,23
Warframe,-177.3372929,122.77052179999998,7,23
Warhammer40k,-160.22195269999997,153.8444389,18,20
Wishlist,-186.4592382,202.41229730000003,20,17
Xcom,-151.9300925,150.48664130000003,10,23
amiibo,-161.5495187,148.18234640000003,17,3
arma,-182.41790480000003,169.82021890000001,13,3
bindingofisaac,-159.7573486,149.5727205,8,23
cats,-191.9518169,164.7911875,4,33
criticalrole,-164.1428601,179.82919909999998,18,11
enoughsandersspam,-199.98933280000003,176.27487539999998,13,1
fivenightsatfreddys,-186.2327632,122.7208926,8,23
ftm,-139.49446640000002,129.5008837,15,20
gadgets,-218.16138959999998,138.5841178,1,22
germany,-180.08900669999997,164.9715467,15,3
halifax,-172.9587425,172.528008,18,20
headphones,-128.3601189,155.12729380000002,10,23
hearthstone,-176.3748188,110.88733219999999,7,26
india,-198.1281344,141.46736140000002,1,14
italy,-212.3187131,106.0385058,11,7
meirl,-226.2335159,140.2597438,4,31
mexico,-211.39239049999998,107.13848030000001,11,7
mildlyinfuriating,-220.445171,147.3899448,3,26
pathofexile,-177.8077482,123.37376609999998,7,23
philadelphia,-174.8865989,157.3719616,18,23
pkmntcgtrades,-133.629043,196.502621,16,33
pokemongo,-172.832797,111.47873870000001,5,26
relationship_advice,-134.8786772,123.51662830000001,9,10
relationships,-136.3772737,121.5097202,7,10
southpark,-217.14634900000001,152.0513632,2,26
spikes,-133.5808503,191.3082438,16,10
uncensorednews,-213.4242767,165.7615758,1,19
web_design,-184.9244352,169.86152869999998,13,3
xboxone,-170.7114071,113.7190367,7,26
AndroidQuestions,-119.3069162,157.66841330000003,15,33
AsianBeauty,-178.48679909999998,137.43824569999998,10,23
CollegeBasketball,-182.3569977,211.89603390000002,10,5
CringeAnarchy,-237.2199502,156.0644273,3,5
DebateReligion,-143.6244577,182.5825268,14,11
DynastyFF,-140.3890535,131.0378348,18,20
Eve,-188.1782099,126.28718310000001,10,23
FIFA,-177.0534947,118.3060245,7,14
Fitness,-117.80250759999998,146.2382629,6,10
GlobalOffensiveTrade,-181.047096,115.3051682,6,14
Incels,-154.8445609,179.0697815,17,3
Jeep,-192.50863230000002,168.1421414,2,20
Jokes,-161.63630049999998,103.8071116,7,14
MMORPG,-149.9942335,162.0514209,10,23
NoFap,-132.1993935,122.26829790000001,9,1
Piracy,-126.5229087,164.01583019999998,16,3
SVExchange,-135.95782,198.1607846,16,33
Seattle,-181.5356925,148.8627615,1,23
Terraria,-159.8881261,148.43439840000002,18,3
TrollXChromosomes,-221.2789317,164.0830773,1,9
airsoft,-185.84642319999998,160.0014324,13,23
amiugly,-152.54217230000003,141.6863994,7,23
bloodborne,-131.9208113,139.59027890000002,9,23
chelseafc,-179.8629483,193.4058219,17,6
childfree,-151.8316356,126.8755429,10,23
drunk,-161.70888119999998,146.00943230000001,8,3
ecigclassifieds,-160.65027690000002,127.31672920000001,8,33
europe,-204.3567456,138.7001188,1,22
explainlikeimfive,-119.0042423,142.5985908,6,10
funkopop,-185.83167690000002,121.6147058,8,23
iamverysmart,-232.9964679,157.5896919,3,9
leagueoflegends,-173.79826,108.8660048,5,26
mbti,-147.1466534,170.2056435,14,3
montreal,-175.3555763,165.85038980000002,18,3
offmychest,-131.5887002,124.05609299999999,9,1
pcmasterrace,-177.1510656,110.23375060000001,5,26
rapbattles,-183.22609409999998,196.57591159999998,17,17
seduction,-131.966811,126.9170085,15,1
startrek,-181.2783141,150.2053132,1,23
streetwear,-174.0685851,130.4005698,8,23
talesfromtechsupport,-135.8230457,178.95418830000003,17,17
tf2,-177.0623698,128.4649656,7,23
travel,-221.47414869999997,131.9562798,1,22
unitedkingdom,-203.711936,139.04345680000003,1,19
vaporents,-146.3243204,149.79874569999998,18,23
weekendgunnit,-186.0107064,176.9840656,2,20
writing,-143.1416614,169.5664639,15,22
