subreddit,cluster,silhouette,x,y
49ers,5,0.40085399778567454,-1.869280171361552,11.933548633929405
BloodGulchRP,12,-0.030578601170282327,8.188905330841756,3.201483690225879
ClickerHeroes,15,-0.18529559933543813,5.758674917594521,-6.4655921727755725
ContestOfChampions,24,0.05234552346983407,7.131690244365074,-7.834470319276639
EDH,11,-0.22271343583679828,2.3822618913401903,4.80260964758755
EarthPorn,11,-0.2815020388839144,-10.81461613867534,-3.7281560580655757
Gamingcirclejerk,16,-0.3677071240336882,-5.138666180415971,6.4052897437102345
GoneWildPlus,12,-0.12515636212409362,7.886460413758381,-15.513782648184641
KerbalSpaceProgram,24,0.09099366287351748,-3.1246926694220143,-2.3881325673289773
Kossacks_for_Sanders,16,-0.1925190745333503,-6.509767176096381,6.202383428926437
MMA,10,-0.15168963198104657,-14.777528086136678,-4.406246967625248
NSFW_GIF,12,-0.14580690742602925,7.83391857689273,-14.963167241648474
OkCupid,2,-0.11322349987104059,8.61904715968618,0.24704310064768437
PoliticalDiscussion,27,-0.2005451365240866,-14.757349651004692,-2.995020141706506
Quebec,15,0.1273960845974792,-6.051501639946886,4.014051259104595
RealGirls,12,-0.054046941786285586,7.792498857194226,-14.208495487146225
SSBM,24,-0.21860017537725615,0.2142645676335571,8.851413206230768
Seahawks,5,0.43452988163672895,-1.7824227315782526,12.05681499897012
Surface,24,0.0962226551477249,1.4383801334335702,-2.13584493308292
Texans,5,0.4259516498386613,-0.8235148901529225,13.09280809302766
Twitch,25,0.07562189004652686,1.8398461671672204,-2.1405543652071
WahoosTipi,5,0.39665131927871666,-1.1831644196692754,14.89667121240891
Watches,1,-0.1698014434540359,-0.7517565001493944,0.20658284557591994
bakchodi,16,-0.2352443841306824,-7.175786247234694,-7.1233687286037055
bleach,8,0.20279484781392387,-5.0043614204902145,-12.187888485060103
clevelandcavs,5,0.3971082560287921,-0.1095217811610731,13.076358406689394
confession,29,0.03684232145843099,13.080028432750174,4.3973497341098176
dataisbeautiful,1,-0.034324652118032116,-10.388692405427268,-5.641574552021869
devils,5,0.3383637122929626,-1.9947096421812363,13.497582579524954
discgolf,24,-0.04990954833446601,-2.1057916296008217,-3.9017150403684973
dogs,21,0.14157335713967387,13.898488750347376,6.975053710428607
exmormon,6,-0.3116204678147626,-2.1342364832678404,-8.688864598241196
fantasybball,19,-0.25823168756263126,11.927885285562777,9.254113101464851
formula1,5,0.08766378323128392,-4.996574093363273,12.653530872416813
gaming,1,-0.09530813437623215,-8.244443651278726,-14.01129653692478
infertility,19,-0.16764672397886748,14.892103982734438,5.361759295363988
infp,24,0.09251734654719279,6.584203534225715,-2.001533246939019
jailbreak,6,-0.2752373596301653,1.3676233398379014,-8.773022477856742
malaysia,8,-0.2537534816655024,-4.894011952470385,6.969749957325727
onewordeach,14,-0.10352544412189464,7.028356802630516,13.573244429633577
podemos,11,-0.28116674846893863,21.58183043059464,-6.598938986948289
randomactsofcsgo,27,0.036409525849585685,2.70961978565717,5.883941545916009
rpg,24,0.004933928575473767,5.023953289071319,-1.716480841488163
rva,5,0.2730808366928016,-4.36663274851305,1.3201415657862667
steelers,5,0.43024230041254397,-0.7599975265920493,12.761178130686229
teslamotors,5,0.02072126342357492,-4.898839951555582,1.0162505305084182
thenetherlands,15,0.021953540722559825,-6.375216197977291,2.1890372322752225
vegan,8,-0.07450025326759827,-2.8523014003840323,-5.8199621545747995
zootopia,6,-0.20005176046667386,-7.072079489973804,-4.455724165557894
Advice,25,0.017792896301252303,13.941799769737315,4.091037866991898
AndroidGaming,24,0.01409711860606379,-0.22116119804280845,3.40433111521372
Berserk,24,-0.025912702721632288,2.9489306435452933,-4.7840987333506675
BigBrother,8,-0.07790560933406404,-4.053045823309957,-10.033887170231697
Denmark,15,0.15649099377996958,-6.8621164999638244,2.176371303570046
DenverBroncos,5,0.3691369382321591,-0.5474372805744333,11.668637794874225
DetroitRedWings,5,0.42250853422839124,-2.0417148428461864,12.610324715172148
DotA2,15,-0.056823241058174885,-0.07345325616450113,-11.703175243615073
Economics,20,-0.15312646056181942,-5.800697416021859,8.976685509545971
FlashTV,8,0.17492560653128247,-4.2292032452708845,-11.282589279542645
FrankOcean,28,-0.21952859312141731,5.100293878583157,-12.534665791746939
InternetIsBeautiful,1,0.006641974672685226,-6.917498122206452,-14.631866978511868
Israel,15,0.16426133261922082,-5.490729401254614,3.748212416880214
MarioMaker,24,0.074123496480041,1.5562488389922915,4.31808776556344
MilitaryPorn,12,-0.23707548271738477,-7.3418107296779045,7.274156195028762
MonsterHunter,24,0.15505210475553796,1.0413105759913375,-5.878180255019585
NewYorkMets,5,0.4146489551609698,-1.9531211622764535,14.981112805385703
Nootropics,8,0.10636074924012494,4.229796833419903,-2.4627653074444718
OutreachHPG,24,-0.039690264422539,-1.992991149324612,-6.431590297330969
PKA,24,-0.06313269014247552,2.7826808840045527,2.158598251677914
Patriots,5,0.394338640930085,-1.4430870171941907,11.335670287848433
Pokemonexchange,3,0.048040553378966344,-9.636368443887715,-11.186501721532796
Polska,23,0.10183362092521434,21.423393473108487,-5.927858674447822
RimWorld,24,0.11274845221224045,4.957456621796476,-7.021000542521449
SchoolIdolFestival,24,-0.06773183678694425,-2.6573144295220756,-7.302175778586112
Showerthoughts,29,0.1085633322518131,11.374839049889385,4.907143354819684
StardustCrusaders,8,0.1852912117263014,-4.828911242816934,-11.210815555391898
TalesFromRetail,12,-0.2928145732431211,9.201669953584508,6.841098249709179
Whatcouldgowrong,10,0.24076425910949167,5.1084149512205395,4.994626984604513
XMenRP,12,-0.05050302527484196,8.184846010313517,3.1768487907123992
apple,21,-0.1988120336032139,0.7962371923424092,-9.424481881552131
baseball,10,-0.2440988651531097,-14.889333459897616,-3.9676368984987653
bjj,24,0.033980795095880985,-1.0187229546495025,-6.949504871182399
bostonceltics,5,0.4037656220787587,-1.7593976106739069,11.406365011790365
brisbane,5,0.23528362691780638,-3.3478501640946745,0.76078403535413
business,4,0.10322895055918707,11.635582108851732,-3.643771406175971
comics,11,-0.21007845739377554,-1.324289615392881,6.480957555816002
creepy,11,-0.26241031035334567,-7.458469090087752,-15.093823368793819
diablo3,24,0.11459620612955836,3.4630857723766586,-1.7930952319208926
feedthebeast,24,0.20459691539454075,-0.008986625361207996,-3.8725578187476484
freefolk,24,-0.010370724589728642,3.988950563073724,-6.5419578909024265
funny,1,-0.09491981964118616,-8.383008610000353,-13.742259023961475
future_fight,24,-0.07037401658956555,6.119644635004161,-6.282998726026599
halo,24,0.025259875181866485,0.268859880918451,-7.705194024846821
japanlife,8,-0.07964097307267605,0.49914197210085803,7.308284372812134
korea,15,-0.06329560627890181,-4.197195595967952,2.2546617793436186
mountandblade,24,0.10961967390883894,0.7870911660089582,-2.6405097408110976
paydaytheheist,24,0.06105611704276963,0.9362195090137819,-3.8914002300219916
personalfinance,21,0.05679334705972994,15.381988293656851,8.269191540955418
phish,5,0.2716473574364765,-0.3193836070347926,13.70883979213824
roosterteeth,1,-0.2339660229622242,3.1162305307393865,-2.5331046324637003
sanfrancisco,15,-0.015461374969598698,-5.438567556710677,2.487910010313912
subaru,24,0.049909169705290975,-4.589690462822135,-3.826397852747365
sydney,5,0.23611197018960361,-4.172791895292884,1.148160240119417
tifu,26,0.10102247466239297,-2.0612517006677247,-12.214396242452684
torontoraptors,5,0.33647038054153555,-0.5097350015572029,11.535717842545814
AFL,5,0.33892518169004765,-3.7656606393034173,13.267211930302707
AmericanHorrorStory,24,-0.018822785969103122,6.5251005097383326,-4.825152703806722
AppleWatch,24,0.06028170889559437,1.0941697235233292,-1.9471265608406498
AskEurope,19,-0.11010904061588954,10.689830599920624,7.781751435206625
AskHistorians,4,-0.11027404197645549,12.368757211998327,1.5854217442502054
AskReddit,6,-0.08313418514134252,13.148546652280759,-0.023625764994136225
AskWomen,21,0.05521521448581341,9.80173721179297,4.935374103007539
Atlanta,5,0.2236324828175736,-4.05686490385027,0.7250768374538389
CCW,24,0.07562597941507478,-1.9420599922449475,-1.554603242271207
CHICubs,5,0.300998130162404,-2.09003953332224,15.749312350690213
ClashRoyale,24,0.07501392880635653,2.452924702267726,-11.089357967570047
EngineeringStudents,24,0.09089945496916056,3.859601104224022,-1.9349994922193585
Firearms,10,-0.2675633560484343,-3.061878857161562,3.152647499443029
Frugal,24,-0.00704909292421948,4.223384553775187,-0.7963620235592372
HistoryPorn,12,-0.32646909994867657,-9.049253358224583,5.986276087821566
ImGoingToHellForThis,12,-0.3551077415147706,-4.4354278774149085,-11.931506148060475
JUSTNOMIL,24,0.09183163445647664,1.6787431334555578,4.399692819213817
MLPLounge,16,-0.15460579558740678,-6.059972462123412,-5.902503965516216
MURICA,1,-0.09896735697031295,-1.493636831420463,3.9244708151596845
MaddenMobileForums,24,-0.012303618530200332,8.30685891193566,-8.243861587131239
MapPorn,10,0.12642170644618267,-10.416723464827442,4.328494749013391
MorbidReality,0,-0.16603012675856366,-12.205289285804072,0.4814728468671405
Overwatch,15,-0.050290246076638775,0.811475188407992,-11.996789853675827
Roadcam,10,-0.04168709937528725,-10.39549848455293,3.8858499764548933
SquaredCircle,6,-0.13833067334262913,-3.3667435957830225,-9.807992615468173
StarWars,8,0.14026361842929597,-3.391918575982608,-11.550907100742148
StardewValley,24,0.03495602363286213,2.3057970822072518,-5.348642198513478
Steroidsourcetalk,19,-0.1723128908233282,-6.931447433544024,-11.339862062633028
TryingForABaby,24,0.12994930161347498,8.069805451557,-4.983339940979596
Unexpected,10,0.09995942694859851,4.5873245108909355,4.621695302771383
UpliftingNews,1,-0.08762953337195292,-7.472577799139712,-15.115578724119674
army,24,-0.131926050794209,3.122047180608612,-6.771571354798584
britishproblems,6,-0.2262204346722509,11.915698340845509,5.496862988086626
canadaguns,24,0.0054361383820777385,-2.170795882873656,-2.2409423233477725
circlebroke2,1,-0.2543570694633136,-5.684696920583051,5.7520068287959365
college,25,0.05081393172257357,6.471670637962681,-4.376153575483205
de,15,0.18771377830900987,-7.960843582476443,2.4772203355830698
edmproduction,24,0.14783103271678813,2.1545199176779333,-0.6212184765056208
fantasyfootball,1,-0.16701983053844946,-15.531157418329698,-5.195992640521089
fatlogic,1,-0.20618896462026948,-9.674258329183093,2.292179639604266
gamedev,24,0.06544330493070608,2.6140619237434883,-0.05999349349463935
gaybros,24,-0.09223383936785211,4.47540658130949,-2.9284681248330995
greece,23,-0.38047448769528586,3.0575533275655937,11.337697589414306
makinghiphop,24,0.014107621603533923,1.3768741487732234,4.326526266440652
metalgearsolid,24,0.07304366084095464,0.6192974674550915,-3.0857249218589535
newzealand,5,-0.07247673017147431,-6.23913471905394,1.1602599958300723
nonononoyes,10,0.21382856345926562,5.0972592873197335,4.908455513804278
nyjets,5,0.42732782546790954,-1.3056542561791595,12.371423880134678
pics,1,-0.11348494254469303,-12.346696215482972,-6.765591310594843
pokemon,24,0.05613702284036566,1.4884048810221844,-10.157476086490224
ptcgo,24,0.11921944068838139,6.084191332547322,-8.048353403177547
quityourbullshit,10,0.17749221296051465,-10.51776341623136,4.551246185266303
raisedbynarcissists,21,0.08279115681070498,14.573326560112886,4.721610533425159
running,24,0.004943844150106849,0.5958659839177024,-5.583267511452267
soccer,10,-0.08363838566547456,-14.662944395741334,-4.532635591238631
southafrica,15,0.10120802978803908,-5.405771124772614,3.5595389395113104
titanfall,24,0.05942330175448612,3.977962083385832,-9.40517236006694
trashy,10,0.06733265611901534,-12.21583314915989,3.0247991159570113
treeofsavior,24,0.21764706039892334,5.747493665894551,-7.536010833568907
truegaming,19,-0.09211428380750629,9.886236045906541,7.572155758867459
ukraina,23,-0.31632658840722955,3.081965009526386,11.419061830420087
unturned,24,0.05969079038887898,7.4292122879694515,-6.519180923915289
vainglorygame,24,0.06270785941512835,8.137374814127279,-6.844328227208771
webdev,8,-0.12942495900911796,-0.19941685098441508,-0.3357582628431034
AnimalCrossing,24,0.05581363165927858,0.22677805941140225,-2.4020397807154263
AskDocs,25,0.009321093240067689,11.45834572560658,2.974729246394804
DBZDokkanBattle,24,0.05026876391548349,2.566874246107288,-11.836174900163885
Edmonton,5,0.15586031912206308,-3.0126820034099815,0.9009223191531432
GrandTheftAutoV,24,0.02455234668822261,-0.14947172163057254,-3.366253946951248
Guitar,21,0.14786244103970672,13.686893207301827,7.217414655292936
Habs,5,0.21969224927510078,-3.5897414091258693,11.060064335408558
OldSchoolCool,1,0.005212261044675745,-11.093919651342656,-4.447249753635393
PoliticalHumor,20,-0.2080414519461425,-1.841733029641987,6.27707001089405
PoliticsAll,16,0.029662181767050936,-7.812276957461809,9.178716159612875
RandomActsofCards,6,-0.20016807102881587,12.792933964372878,10.162145870755616
Sneakers,24,0.007237776269846023,-4.75773641713894,-4.874172857991576
SubredditSimulator,7,-0.032886725190231746,6.646531566659287,9.833344975615123
Torontobluejays,5,0.4010387455606947,-2.2730451343412827,14.792916010669703
WorldOfWarships,24,0.06131399334141901,-1.2825932073010917,-7.185656795073163
anime,24,-0.009706964672674448,-1.1836629068693747,-11.703452597971308
askgaybros,21,-0.08927651958010206,3.1182407908069063,-7.002912449927989
beertrade,6,-0.1208064836485786,12.743845991521104,10.286887878953356
bodybuilding,1,-0.3118335406721033,0.06182187049234516,9.082790707816278
bonnaroo,24,-0.11978682380838883,2.4615700273255654,1.9114011147768808
canada,15,0.17127525653353703,-8.360789905813915,1.7483832780077293
churning,24,-0.1430431320787731,0.27820342179858415,8.833984540064847
civ,24,0.11880382800878528,1.4651976263804298,-5.66099426586774
custommagic,6,-0.19824037373012182,-7.1965053639034275,-4.319235385952967
friendsafari,29,-0.04315269668274819,15.159866073152678,0.5224744105211984
gamecollecting,24,-0.030333744877030475,-4.429427435204559,-3.6466070228756404
hoi4,24,0.10884612840744798,5.130352660469834,-7.228064251373046
indiegameswap,3,0.11805834113873889,-10.630243760749302,-11.171450508150464
kpop,6,-0.2213645864224378,-4.235225941409503,8.265803408477439
learndota2,24,0.1740703666963018,6.667474577941172,-2.3625804552444425
medicine,1,-0.22284672320328533,-1.3514283008128498,2.0495357174285767
nrl,16,-0.39453355159698494,-4.059147115798674,13.536298679738222
occult,8,-0.06137118830282132,5.492564534027856,-1.3755766321307854
progresspics,12,-0.2305450178014609,-9.65319652461581,6.009093194458758
raspberry_pi,24,0.10094806738474822,1.1644143999080458,-1.098530673708717
runescape,24,0.11859869930435202,1.933549350042477,-11.325723876043037
science,22,-0.07533689512350678,-9.309785304757652,-2.3971813782406164
serialpodcast,19,-0.06370822424224354,0.5624007953063433,7.201468960502774
singapore,8,-0.2020640611870576,-1.6983275680200014,9.555866619519628
skyrimmods,13,0.06758384485061752,13.482537306556875,7.6517760454896
spaceengineers,24,0.15071264779395327,-0.5934286416707839,-1.7860623584209057
starbound,24,0.09347472931277659,0.37509548919815217,-2.030809297874727
survivor,8,0.1271851496358126,-4.040304263988899,-10.668760915286803
techsupportgore,10,-0.14241304887024842,-12.790407763546758,4.893630896526713
watchpeopledie,10,0.08618042494614962,-11.457661916997433,2.7253422265064904
ADHD,21,0.18543378098758218,13.942185264118896,6.152574152640693
AskNYC,3,-0.34628363819056956,12.734921841078274,7.248478190459468
AskThe_Donald,21,0.008594063698130119,11.909654891941347,7.048984202908676
Barca,5,0.3617758944954779,-2.853537085781366,12.49763916214203
Bass,21,-0.13370463489418521,2.14740548012892,-0.1883289256134358
Braves,5,0.41821985573196613,-1.089832885650048,13.7091484073609
CallOfDuty,20,-0.20716823806572757,10.359101822564945,-3.937684139087449
Cricket,1,-0.24275593150532798,-2.7736595952061487,15.78699757830925
Filmmakers,3,-0.2678181144433462,-0.8525009419321048,1.2763339765317752
Games,28,-0.12457590199267454,-9.142075611202173,0.4009643384636334
JoeRogan,8,-0.18115942672307767,-2.393710708290869,2.4067649233538435
LifeProTips,29,0.08183262227678881,11.31633720501003,4.90802144863116
Mariners,5,0.2153132595101298,-1.5232010491942598,15.748182263540556
MobiusFF,24,0.07354271121445669,6.586647684896615,-7.163998999355635
Music,0,-0.08830117324266175,-11.499999752995047,-6.54069228773997
Neverwinter,24,0.08343915131530127,7.31523017288287,-6.372857929338305
NintendoNX,24,-0.11721866255764807,4.882481770872745,-8.554270177574057
PhotoshopRequest,4,-0.2187420755512024,-6.200211377268765,-1.6982027256091978
SWGalaxyOfHeroes,24,0.09137418145219478,4.3444947819341975,-10.414978564792479
SandersForPresident,6,-0.27589355883256117,-14.179505670055836,-2.7911787667344545
StrangerThings,24,-0.026838843460983714,4.12169572837031,-8.930012744406392
WWE,3,-0.4547994703765233,10.276477334340996,-6.455248701774503
WeAreTheMusicMakers,24,0.10700611474572184,1.9028751924519174,-0.5181222024544733
askscience,4,0.03315876750577672,12.373713595030102,1.515538987034919
avengersacademygame,24,-0.03392248820956382,8.44764745659228,-7.806461826738973
bravefrontier,24,-0.12755317311476103,-2.3561499737021028,-8.093710333007156
btc,15,0.08968467974040835,-6.594477249874833,4.289505840805714
dankmemes,11,-0.29165097721472644,-14.5389447730676,5.092496282982196
elderscrollsonline,24,0.17583780601902538,1.7670962852079228,-6.571093852413551
electronic_cigarette,24,0.0947339928891559,-0.23133918811933424,-8.917237592895738
ethereum,15,-0.028968327958946334,-2.5015859933052913,0.14648118453660153
fairytail,8,0.06716319649699339,-7.181754146004778,-8.538110572747852
gardening,3,-0.2945647553903628,-4.624382170973124,-3.7000431906738274
gundeals,12,-0.24325581248617004,-10.436292807622088,6.243146458184814
holdmybeer,10,0.17675931773826836,4.992970150949894,4.8641801094168
howardstern,24,-0.23149532107633847,2.8462149379991954,2.3653131736645063
ladybonersgw,12,-0.09060547414132056,8.520988950722725,-14.544390236862341
leafs,5,0.41298710365245417,-2.403882132015341,12.09594760901061
melbourne,5,0.2061517847975339,-4.826541976920281,0.9454043036079964
minnesotavikings,5,0.3558204859016113,-0.7106701792505137,11.689927524985121
opieandanthony,6,-0.3266887059519688,-3.5802416337173724,-8.495886274659856
penguins,5,0.4234182412573519,-1.3791752849723962,13.102642798611592
photoshopbattles,22,0.025717310101405683,-9.124678881938861,-2.7280111576391657
redsox,5,0.3097424675239488,-1.5591607124988995,15.659064311523279
rupaulsdragrace,6,-0.23156589649382633,-3.927877845204443,-8.939040780219091
starwarstrader,24,-0.10538597638532347,8.956577383889048,-7.399500566827951
synthesizers,24,0.06824782116685925,-1.986799716545209,-2.0009684027728234
toronto,15,-0.05659406634765359,-6.174113402654903,1.1197471528277863
whitesox,5,0.3873373617784923,-1.6770035098689489,14.313058289715542
3dshacks,24,-0.02326493777035406,4.435877079910152,-8.587764697451794
Bitcoin,15,0.053053045924033815,-5.188035085814442,-0.4076164319234802
BravoRealHousewives,16,-0.4431502117716146,-3.5929055261637184,10.337575562304576
BuyItForLife,24,0.0026551002365108145,4.066351796836405,0.645623546964799
CatsStandingUp,14,-0.1359022048330184,-14.9798951711894,4.43867357088582
CruciblePlaybook,21,0.15830716036229697,13.8364593131582,6.328215962284349
FashionReps,7,-0.2572483837733601,4.059155842056912,-13.711411964902611
GaryJohnson,15,-0.0979470055269887,-4.050786366781571,3.170045827091298
GlobalOffensive,15,-0.02489400456447398,0.34492002276090183,-11.854708766629555
GreenBayPackers,5,0.40370703478879694,-1.415861133770445,11.744722975137574
IASIP,23,-0.2951544791654522,0.34391912393054386,1.558687913645269
LegendsOfTomorrow,8,0.08038037372888054,-5.488074263382541,-11.272656816393372
MakeupAddiction,24,0.08910610679351659,-0.7361152858024083,-5.471216722222823
Maplestory,24,0.14627170613666718,6.618867653005634,-8.693775260558182
MechanicAdvice,25,0.08044841333593519,1.7448906741542272,-2.8853129502170884
Monstercat,24,-0.12971076131112894,-0.6146097619736636,4.740555390984173
NFL_Draft,8,-0.22035692775987242,-2.3493011070596115,4.4582534161139655
OnePunchMan,8,0.20278386746239255,-5.209828242448484,-11.557621504855474
Pokemongiveaway,12,-0.23390376252195433,15.027843831987427,0.1790260301938856
Portland,5,0.07562701747653623,-5.467646074654637,0.9280137222368996
RWBY,24,-0.09124471677022457,-5.21286630517971,-6.63477336174417
Rainbow6,24,0.1008581385474488,2.283695370103142,-11.191094211301209
ShitAmericansSay,1,-0.16972357018015316,-8.26880799156597,6.580651673646059
The_Donald,6,-0.14524334298890942,-13.946612986666972,-2.5526378011838435
TrueReddit,1,-0.09279606122101178,-7.58563847659218,4.793734519450882
Unity3D,24,0.1132828687786312,0.32145233613523866,-0.8944268234798148
asktransgender,6,-0.2053345166984044,15.514567181702478,6.423289280469005
audiophile,24,0.11073605922536371,1.3523819893347753,-0.3954446185264301
beer,8,-0.10855389700933081,0.02643821642743415,1.1611550414314848
canucks,5,0.3847226835148288,-2.9265160550651865,12.203505433257488
cowboys,5,0.3695994636651334,-1.6688216130448417,11.115024763076178
crusadersquest,24,-0.10957241902053372,6.207982479986358,-6.12200756607699
customhearthstone,1,-0.13355532392851996,-6.096449720906918,-3.979048162422322
detroitlions,5,0.3942221399862665,-1.1517855065014875,12.21237157366367
fakeid,7,-0.27115032451151505,4.215466156430313,-13.508466037499488
falcons,5,0.3628445253220079,-1.4321236469126595,12.701982791863108
funhaus,1,-0.2523280632751848,0.5638658194029049,2.4318469078768565
h1z1,15,-0.17011882997513675,7.063434614776302,-8.93404767596105
islam,20,-0.36182414793806345,-3.7070696052673955,4.894005069407348
justneckbeardthings,10,-0.03540134125487996,-12.65027063859374,3.8845490889954033
lakers,5,0.3628202410332675,-1.160603511532915,11.736913910947253
me_irl,1,-0.0923219121373693,2.4477063194010498,8.311812223336977
motorcycles,24,0.06929427260519931,-0.872721771813425,-8.136258112011717
paragon,24,0.15392975812420573,4.0144871043326384,-10.312209789750804
space,22,-0.14224896513066668,-9.335947802130354,-2.4113987682461135
starcraft,24,0.030157189678832866,-0.06072948921745995,-5.664001582574127
thewalkingdead,1,-0.2328003255069641,3.541655895274801,-4.353989262959963
uwaterloo,15,-0.22105518302380658,6.7003527886430785,-9.313474350791553
videos,0,-0.06024407984418391,-12.084876578193958,-6.714163823568425
Art,11,-0.2149596493872461,-7.113983682560619,-14.750018262869132
CFBOffTopic,12,-0.18600747055744515,6.979798200376513,6.813417899277209
CrappyDesign,1,-0.07579886259064994,-13.530039583480676,4.9916871177720585
DC_Cinematic,8,0.03394273465540774,-3.4076602940069396,-10.694147350872232
DebateAChristian,19,0.07525415756447307,6.721203103282962,7.519968761602061
Drama,23,0.15183091282621797,20.522450842215594,-6.109149926148093
Entrepreneur,21,0.1643675006580309,13.558309258352425,7.057819972938693
GearsOfWar,24,0.0436135735319954,5.528798011155732,-8.509527802406609
INTP,24,0.11032199486602305,6.657508364812113,-1.8810557307521603
Judaism,15,0.10646226031267658,-5.4623353536366315,3.5917038674652773
Naruto,8,0.22655204378580962,-4.846841883474257,-12.052608418364334
Redskins,5,0.4312355892539483,-1.4443984413816577,12.400425784421065
Repsneakers,14,-0.36038761019714144,4.144882961346265,-13.79850353219417
ShitWehraboosSay,1,-0.22915603945832733,-5.126532832882884,5.551749336577696
SuicideWatch,23,-0.3666494468698679,14.391479900099592,3.6670076530541587
TheSimpsons,1,-0.22012889386575163,1.144330395382422,1.7839402191235287
Toonami,9,-0.16427008245846716,-0.9116398596322359,16.272331298575157
TownofSalemgame,24,0.021652195558597345,7.552820257100196,-7.494319567011131
Vaping,24,0.10215956177724278,-4.714037808669162,-4.091249562528169
atheism,1,-0.148094894665346,-9.751745647955318,-5.286708778938098
battlecats,24,0.022175711189748922,7.929514150676174,-7.190494376395364
blackdesertonline,24,0.1700894264707491,3.6125986723674686,-10.411660705363095
cigars,2,-0.39055417979318463,13.217017527567604,9.086256922515537
collapse,1,-0.18875869529938533,-6.944906717498763,4.876793168553595
crossfit,24,-0.03712725065139632,-0.9077215705192861,-1.0099449834795011
darksouls3,6,-0.13151255600044776,15.866043470617477,6.393780812945925
factorio,24,0.13483190378270885,-1.224586154925897,-1.5690502903480996
fo4,8,0.08833847021663115,-3.168164360608989,-11.578646698017284
gonewild,12,-0.08148627811554665,8.147725035386488,-15.25437430251938
hcteams,1,-0.1583685979451357,6.144195129043466,-11.443628459822467
iphone,24,0.10449597565411256,1.3765264298848152,-3.2151559883626897
keto,8,-0.056942334003603295,1.0062637804378693,-5.595166550827294
lgbt,1,-0.19304824367837714,-1.3414642233421226,2.352021020885861
nintendo,1,-0.2618987365482559,2.9584645833051213,-3.8539836134074674
pakistan,15,-0.004392638461095462,-4.946342857433095,4.224803106430725
panthers,5,0.4379728596702526,-0.6248140870097492,12.742646464760169
radiohead,24,-0.09457792618475354,1.7393655377741968,-8.028569276500818
rage,10,-0.0815694645337964,-9.323145289357388,5.591519702341991
shield,8,0.18962040520754495,-5.339205391501476,-11.608850699338596
swtor,24,0.11731168588547847,0.7765094996428836,-5.856880806190754
thinkpad,24,0.09542316402925495,1.3202424629795249,-1.8241815675893256
warriors,5,0.34757301426287013,-0.03617512895221803,12.445960077548637
westworld,24,0.03742082489167313,4.456940906211986,-9.500184192861008
wicked_edge,24,0.12013392748560403,-1.9150940878232263,-2.810127758384496
woahdude,10,0.1339865671808058,4.5681709564230975,4.5475556483573465
wowservers,24,0.04247720117652823,4.8717215274563195,-8.811213817872623
3Dprinting,24,0.08964521210997109,-3.2257211268242103,-2.7935625221496427
Anarcho_Capitalism,15,0.19228423076381085,-6.847306636899874,4.0587623269978295
Brawlhalla,24,0.0433248825143714,7.238517468824962,-10.19469180466404
DIY_eJuice,8,-0.14340401554997506,1.7389752267680219,-0.04531484942575287
Dodgers,5,0.31567872679266845,-1.6261593962817027,15.579190756494857
HunterXHunter,8,0.17856353251032803,-5.035678948575666,-12.340857883235389
LivestreamFail,10,-0.04910821578266545,-11.917536163261474,2.794191497985828
MLS,10,-0.31622579948713575,-4.884664634647946,12.727726102344919
Parenting,21,0.19023293693656376,14.159825999011668,6.118652873760908
RandomActsOfGaming,19,-0.060179232126763356,-6.5119463582166786,-12.130940760071674
Rivenmains,24,0.030410941407228793,7.057515744844072,-9.74858659342841
RocketLeagueExchange,14,-0.22993012309759608,-8.661107945858753,-9.315090956342742
Steam,24,0.10352056658294922,2.750673115535342,-1.4428642033140415
TheBluePill,1,-0.2324377137704382,-7.495778882419783,5.729851041509219
Turkey,23,-0.33545426518626464,-5.259996643900882,4.256941964984633
WaltDisneyWorld,24,0.002288688595385978,4.57748793423315,-3.464142322207529
beermoney,12,-0.3963412270531531,12.691951377052822,8.459555167321533
beyondthebump,24,0.11394698062320191,8.649669398393184,-4.989216044034553
breakingmom,6,-0.18744637774078718,15.04919294075976,5.079345668557034
chicagobulls,5,0.41822807230410153,-1.9990685659410166,11.64709104502204
coys,5,0.382206499210098,-2.5946951259773425,12.320350862403327
depression,18,-0.21317196429970867,14.35674056607991,3.776270627827007
forza,24,0.010794761485760751,5.418910243839915,-8.357407124580611
fountainpens,24,0.08071186909659032,-3.1651049804505127,-2.8145813500059376
grandorder,24,-0.007640012269568851,-4.498740549066995,-8.709370795284455
hillaryclinton,16,-0.1839023975752395,-8.70901584502667,8.44553742092582
im14andthisisdeep,1,-0.11540309822569773,-13.742660925895045,4.925490421512398
linux_gaming,24,0.029930695853623433,-1.873109331574591,-1.043838571720185
manga,6,-0.15766056952982696,2.1119966284301315,4.8163700546503065
minecraftsuggestions,6,-0.2453417891531337,12.873994387811154,9.461118147156977
nsfw,12,-0.11836549116759068,7.798396486009483,-14.288865654177803
pcgaming,1,-0.19887043931225776,2.8633480502678332,-4.074079757236437
pettyrevenge,12,-0.32142840844914133,9.192080381663086,6.814427536864438
portugal,23,-0.021838676085077374,21.51214767923055,-5.914865101152665
scifi,1,-0.08814112213558423,3.778934214657739,1.1828186238194147
spacex,1,-0.18998195019623945,-2.8477021047116593,7.100288667044392
stlouisblues,5,0.4015059036280013,-0.7564459378825139,14.33348106065978
summonerschool,21,0.0889016146687898,11.757563192510434,-0.7851656992155162
sysadmin,24,0.15391113885400223,0.3238967778656722,-6.683279942390478
walmart,24,-0.021111426156334677,9.103249651244134,-6.547487391337663
wiiu,24,0.037041618231944365,3.6480740269447214,-1.3253368055077603
xxfitness,21,0.18810587444145305,14.229417297919452,6.949683556416901
40kLore,24,0.027412493586458926,4.275992149251909,-4.62928139699361
AMA,12,-0.23990206310220927,-11.682212400778576,-1.3703685030085282
AdvancedRunning,19,-0.240540584967764,0.5075099234600772,7.368315099331796
BABYMETAL,24,-0.08421040943580989,0.04282685449904565,4.719647202239202
Blink182,5,0.20515621104977347,-0.23931396514009223,11.025136209038655
Boxing,1,-0.28850697954765864,-1.8826406294466842,9.370234761363768
CHIBears,5,0.41321103233827866,-1.7612583636100534,12.254796225109667
DCcomics,8,0.18541479085535786,-3.82320534254195,-11.571828955987451
DFO,24,0.12225353801383237,7.376473890370111,-7.626955335164545
DeadBedrooms,19,-0.04666471786274363,8.937319561786287,-2.4200369989600237
FFRecordKeeper,24,0.0829959474208205,-1.7736396849586868,-7.529675340825594
GamerGhazi,15,0.06856485397162954,-5.975037493760273,5.225099823985374
LSD,24,0.20075295385262784,2.1878109592546644,-3.024421665108942
MDMA,24,0.13704587838047924,1.86579247482307,-1.851519890299999
MLBTheShow,24,0.013742667566804055,8.222400874145286,-7.996842591150289
Marvel,8,0.14114202765865969,-3.5444692419796535,-11.680023943366994
MechanicalKeyboards,24,0.02736728992869437,-4.43591144309776,-2.0579401208374564
Nexus6P,24,0.1660869374866614,1.6994314353192108,-2.0043418547325045
OnePieceTC,24,0.08218289476094848,5.20827137917389,-10.869390262153166
OverwatchUniversity,24,0.11032282104776736,6.563264107667185,-1.9546606268144218
PhantomForces,24,0.003387336320551448,8.488941985298734,-9.530793412908293
Philippines,1,-0.273217006644374,-2.9316353538584248,-8.186664919809335
PleX,24,0.09211542577562665,1.5554660855981037,-1.1092922929932152
PrettyLittleLiars,24,0.019940939787817746,8.35637576582949,-6.522185686323362
ProgrammerHumor,1,-0.11963647805745285,-12.343998399057604,5.334635837423293
RocketLeague,24,0.09151446873036671,2.19263432124617,-10.960846588597652
Romania,23,-0.11233246429644553,21.583550265618193,-5.884049535478471
RotMG,24,-0.0032518341513390015,7.194542811373641,-10.329976242986652
TokyoGhoul,8,0.20137409407798823,-5.237053496745833,-11.803825045607248
XWingTMG,24,0.1824785905650552,-0.8140956948258463,-5.999551880094954
battlefield_one,24,0.10476033509648988,3.611088779200219,-9.915642166225185
boardgames,24,0.1363922319654377,0.2611897553447655,-6.682662089177071
buffalobills,5,0.43503464359061045,-1.0196663138260176,12.622624309273537
cripplingalcoholism,19,-0.02802763155709415,8.593027531807829,-2.760389584262229
dndnext,24,0.1374343027351877,0.9957811069872649,-6.493699247632066
dubai,24,-0.11537309317083753,6.975924040123552,-9.524946039021124
eagles,5,0.3609705696925982,-1.8386889894717369,11.15138869569403
ffxiv,24,-0.029516915972265856,-2.2843571206708058,-10.512828000292338
financialindependence,19,-0.1257548565264827,10.029322020365198,7.639751667579543
gonewildaudio,3,0.008440485161830082,-8.572141681035506,-11.249593891313692
heroesofthestorm,24,0.1085981194505571,0.08767206984496631,-10.06562153181749
homestuck,24,0.01795074935983904,-5.279891835719765,-7.904088117811912
intj,24,0.022333611243146454,6.771087386104363,-1.7930153248531433
investing,21,0.14405443881748453,13.21801238656357,7.8333932738777925
medicalschool,24,0.013439943253745465,4.861997659792265,-4.25969983079445
metacanada,1,-0.20262106746272676,-5.76249991521914,6.332459094896428
nvidia,24,0.09207629468748006,3.0762999706829577,-8.697980960067643
offbeat,18,-0.04057192130493289,-5.783722121269985,8.82233633724367
opiates,24,0.08879423095406692,7.389153776181065,-4.923523844070816
paradoxplaza,24,0.0897628900859478,-1.5344031579512318,-1.2299901588316453
photography,15,-0.0071455006315530815,-5.1049306789606295,-0.7734634466297587
programming,1,-0.11520008858437815,-8.460916419703741,0.6650728234065129
ravens,5,0.42894978465193584,-1.804301949548035,12.793410719622402
trees,1,-0.19121928288331355,1.5165091585338066,-12.189301757862651
vancouver,5,0.0590859003375685,-5.152990516023066,0.7602574020772607
woweconomy,21,0.14682494590011264,13.289521200873386,6.858110035438264
youtubehaiku,11,-0.26758853805244887,-1.0864325932383876,6.387767127883013
ACTrade,22,-0.30014196434390644,-9.164006536706735,-10.448900067025274
Astros,5,0.3576507155171651,-1.1101482835229262,15.205685708976828
BattleRite,24,0.04790684971669512,5.25906250082773,-9.043439799306935
Civcraft,24,-0.02643571094129804,-1.5486342198333092,-3.9066437892863903
CompetitiveHS,27,0.013032658149320217,10.363190733084055,8.740960133953182
Cooking,29,-0.1906830272821944,12.570758404556846,8.249369677044808
DarkSouls2,29,-0.10918365090106835,15.279871612248247,6.602132252068674
Fishing,3,-0.2647320180677747,-4.838972196343881,-3.661385769293922
ForeverAlone,19,-0.0991167551816622,8.470185706190387,-2.8483679663041177
GalaxyS7,24,0.06438731696944099,3.6074286425312763,-8.651575858043739
GenderCritical,1,-0.2751143043448144,-5.819824992067475,4.90322554565261
KCRoyals,9,-0.19667401064485823,-1.1675107115533088,16.130617073165467
LetsNotMeet,27,-0.1950366032325829,14.60639735026279,9.182313203176895
MGTOW,1,-0.2601458947331414,-3.3994616427828683,-6.046152932527425
MakingaMurderer,8,-0.09747725712303938,-5.950116740747107,-0.17285736715248884
Multicopter,24,0.10179914553615124,-3.0055204735917656,-2.9422998769831294
OnePiece,8,0.20135969061040562,-4.519339378061286,-11.540078313989635
OutOfTheLoop,21,0.06877183202724467,3.4280843298171204,-0.7878163197739365
Paladins,24,0.05154714554310915,5.288225278914637,-9.242796712705553
Rateme,12,-0.1474133809319765,8.850815949575827,-14.406989416077531
Scotland,15,0.12875375647267231,-5.788968958493354,2.871645641007997
Silverbugs,24,-0.09910276472147106,-2.4556066005709227,-3.925661930185257
Warthunder,24,0.046771055543237926,-1.3048383152623055,-6.879590162138231
chicago,5,0.18893346384753731,-4.306728608882879,0.606911000009414
circlejerk,11,-0.12975989772455282,21.35423782845979,-7.1686667595857525
creepyPMs,24,-0.10365450833692093,-6.651896109949176,1.5222550834313284
duelyst,24,0.16139281460673785,5.393326572743813,-6.901440741494756
exmuslim,8,-0.08860832858167372,-3.3371438580204598,-5.714891915691281
fantasybaseball,8,-0.24405154338475346,1.2375533252182933,10.63369991800992
furry,24,-0.04861303421938914,-5.504957485031271,-7.995639980185551
gamegrumps,24,-0.1397458392558797,0.13289341879859384,2.0613765667726645
hardware,1,-0.2540119586792857,-2.694282994297767,3.6055750948983527
heat,16,-0.19325889264377172,-4.402565343879759,10.904943838349842
houston,5,0.16478955721142494,-4.120147326783692,0.5833150483205113
loseit,21,0.17164566529410852,14.36873358295116,6.959867651131692
makeupexchange,12,-0.25377112942261226,-11.569555111631878,-1.8015898582759617
miamidolphins,5,0.4426797495695111,-1.3689774503943022,12.51287811574211
mylittlepony,6,-0.11985458141930411,-5.642957980020591,-7.598607814541531
natureismetal,10,0.07481025087866716,-11.768120516158856,2.747670899415663
ottawa,5,0.08316154100185294,-3.1308660926989584,0.2317330167311795
researchchemicals,24,0.10651321336375125,7.127514145345479,-4.872901745872681
rugbyunion,5,0.21320049144464084,-3.9836340604417217,12.395015134158847
sweden,15,0.08680558047478348,-6.819242853901175,0.615760484894969
thedivision,24,0.1192021864573678,1.1380964759877699,-11.164505501347623
totalwar,24,0.13023628060640965,1.662522027731944,-5.973176110219765
whatisthisthing,3,-0.14196612663959507,-5.088411389142975,-2.1402408186084174
zelda,8,-0.018618700600164247,-0.532530709171591,1.0342684091506291
Accounting,25,-0.11863374878072865,4.902250137218654,-4.832743010731283
AdviceAnimals,1,-0.039060326439632614,-12.355669986127976,-6.600907874379271
BabyBumps,24,0.1262656425390034,8.850587280466875,-4.965884585489003
BitcoinMarkets,19,-0.09729223256092494,9.970239394686539,8.357081703343924
Calgary,5,0.14349767720617806,-4.769417944054213,0.8008875302218254
CasualPokemonTrades,3,0.06296721271490366,-8.8562147334475,-10.728133813444336
Christianity,8,-0.17209456753947935,-6.237055552648585,-0.2989789047386034
Diablo,24,0.12215804015730716,3.6738548076426465,-1.3272587279715684
Doom,24,0.04175417968734759,4.630314891207021,-9.011675763923574
EnoughTrumpSpam,16,-0.16455599428094217,-9.009994454987842,8.428938568515724
FULLCOMMUNISM,23,-0.28273667709093037,-7.731568282410041,-1.2388659844661303
FoodPorn,12,-0.2986056178163642,-10.78881003822374,-3.483599713958629
GifRecipes,10,0.16128596948380275,5.56461083374497,5.018290394359524
HomeImprovement,13,0.04165938986728103,13.404384615592804,7.7125908815787065
LateStageCapitalism,16,-0.36455152850858513,-5.098804298418787,2.431078563807389
LiverpoolFC,5,0.25799391262626326,-4.596062442925757,12.718954487823336
Metal,1,-0.1602789347496075,-2.2768767932408367,5.642490119929329
Military,8,-0.1466751723552928,-2.298517910013203,2.3468305818310102
NHLHUT,7,-0.28207636580915907,3.467860907827687,-12.398303031335018
NYGiants,5,0.4270486172524976,-1.3793144583357513,12.21724073406538
NoSillySuffix,11,-0.06698524953384105,20.52972147740723,-6.789400185417895
OSHA,10,-0.09590183036506619,-12.7869594904088,4.795213967320634
Pathfinder_RPG,24,0.14091962413695283,0.31294946014027014,-6.508167689226716
PokemonPlaza,3,-0.09810087081954272,-8.5902746911545,-10.885644151451686
PvZGardenWarfare,24,0.009250522301222568,8.063880208685813,-7.296795234881867
RedLetterMedia,24,-0.19445232555959605,1.5280997842712203,2.6571092666272915
SSBPM,24,-0.036570711590684264,-1.3325711548859633,-2.2422866852472367
StLouis,5,0.19875079125645492,-2.935601549957402,1.8760936313666925
TheRedPill,19,0.04823538967964016,8.408715236434714,-1.7384208556845648
TwoBestFriendsPlay,24,-0.13435854843669165,-3.895521017704352,-7.930668476290445
TwoXChromosomes,19,-0.06334957604335476,-9.273738875988988,-5.498126662393071
asoiaf,7,-0.3417794392073184,-2.114914243122344,-10.828183772537795
aviation,8,-0.16845219067952888,-3.7753117652429578,-0.9247090146078492
badeconomics,19,-0.04726187756561421,1.8531520040216845,6.820836272359013
batman,8,0.039907787218690774,-0.6719691247687354,1.6891441038816553
battlefield_4,24,0.09326951024970608,-0.14456725598155398,-1.9287479546492652
belgium,15,0.0569291227004252,-5.888303581584576,2.565135377356349
brasil,23,0.05167409046841131,21.4893871414676,-5.91504571915417
changemyview,19,0.027481141692300596,6.278649327790345,7.585721907449717
climbing,24,-0.008013512054862603,-1.2154986649973238,-0.6291552064474346
croatia,23,0.14869077397498337,21.446475562493003,-6.015930985353733
cscareerquestions,21,0.1684894068446457,13.513653805077913,6.468383245179492
csgobetting,19,-0.11010426475572307,9.794002280198209,8.621367333835813
danganronpa,24,0.004353486410342879,3.3710627547396004,-5.45253627817198
deadbydaylight,24,0.06215038828218689,5.110955357942362,-9.520977387403809
dfsports,2,-0.17840353001911102,10.260773118658003,9.672077402385046
entp,19,-0.08108396121154124,8.861753671814013,-1.9640103424693416
excel,13,0.14230585911389312,13.749052772405385,8.486968899753847
gameswap,3,0.11687460945889264,-10.24646513547774,-11.286631375197166
ireland,5,-0.06090792342232943,-5.977834182598566,1.028916427458074
kancolle,24,-0.06416483001661097,-4.561043351147845,-7.801086327060716
knifeclub,24,-0.01684714763689749,-4.595888125305662,-3.2737531214078524
linuxmasterrace,24,-0.006423448020104495,-2.0300592140746554,-0.5494682961769739
mildlyinteresting,1,0.005130695966452546,-11.51147847510064,-4.6384974268289465
norge,15,0.08286950743667579,-5.424170585015341,3.4337274505897932
oculus,24,0.024232580505397543,-1.0396119996634174,-8.718409791119015
peloton,1,-0.2728058710070598,-3.8958761959706627,9.000136759935407
philosophy,1,-0.07718422345239231,-9.986742888431882,-6.705613200855252
politics,10,-0.06542379451947763,-13.843473317262914,-5.120813186686454
premed,24,0.07439803143489648,7.142967635924496,-4.6510472111626004
pumparum,3,0.0649438908740514,-8.901862217973974,-10.65278490868123
sexover30,19,0.044327977974811875,8.856638269006321,-1.8273690175547004
trap,1,-0.1191991032205292,-1.476375333527643,5.546745315094509
wifesharing,12,-0.07015887200864757,8.408808649345861,-14.73698745314536
worldpolitics,18,0.0859973751005818,-5.926179847955964,8.952418530451839
wow,24,0.054804240668244665,-1.4750306368957484,-10.504710951153161
youtube,4,-0.15373827754986122,10.78346633324659,1.7987707145538046
Anxiety,18,-0.2878313765234407,7.241380380340013,-3.5479735778315056
Aquariums,24,0.0687811556081806,-3.6075229184577866,-3.4865925044932102
Austin,5,0.15015690613449778,-4.386214921016634,0.4026740117706556
BMW,24,0.010730398621119885,-4.497230597842433,-3.705910965700737
Buddhism,8,-0.017336405899462528,5.615639478660004,-1.086048917718615
CampHalfBloodRP,12,-0.0714259828093032,8.17814622452471,3.229698677816338
DIY,26,-0.13898585464147392,-9.21181849511658,-4.381532413663162
ElectricForest,24,-0.0463733530550153,3.9827787792312126,-5.742519075827737
Fireteams,9,-0.12565092754040494,19.645540978789317,-6.663538304867133
Futurology,1,-0.030080190573893294,-10.36270422406175,-5.613078384242091
HighQualityGifs,12,-0.29924383142308253,4.012559998239996,4.09245408032822
IronThronePowers,12,-0.14576567126839282,15.654226289832772,4.870957559507011
JusticeServed,10,0.16069442007602852,-10.585465547968766,4.481206186195866
KingdomHearts,24,0.052958639495437124,3.971523688744386,-3.5509844335203975
KitchenConfidential,24,-0.0962535502774324,1.983897828277937,1.474788665102117
RandomActsOfBlowJob,4,0.09889005977294082,11.570731058993234,1.3368291006214934
Re_Zero,24,-0.054000894825488,-6.537221344278069,-7.96874516939589
Screenwriting,24,0.07574002406623746,6.3589642961831245,-2.425990459351507
TrueDoTA2,21,0.1537504839570552,13.97774745196954,6.16784506613368
Vive,24,0.0884237131721349,-1.0504261592370654,-9.486270950828366
WayOfTheBern,16,-0.15653075369789965,-8.048615364916765,8.239595558066377
WikiLeaks,1,-0.13771726793679517,-6.679806293125456,7.609362723960724
bengals,5,0.37581418570913283,-0.48569009808144004,12.572081659125557
bicycling,24,0.06921289494698575,-3.4278117888238544,-2.759056650341084
bladeandsoul,24,0.17551837658698177,3.7347309762277523,-10.64527699824239
buildapc,22,-0.3425454428802131,0.22248899594937746,-13.490126821017107
dating_advice,29,-0.06739730946126317,14.348451347635816,3.898517299757819
dayz,24,0.09112194241728469,-0.2961482767323914,-4.289762510187207
dbz,8,0.22165377613138185,-4.327239392469942,-11.611371212833657
eu4,24,0.10063817142833964,-0.22861560104719825,-5.228057043617233
gravityfalls,6,-0.2840040180700419,-6.125653733461141,-7.958609270269541
h3h3productions,1,-0.0843848815617661,-10.972517263108791,1.1674068172282277
harrypotter,24,0.07334257648931423,1.4762605596450982,-4.627491804293767
history,22,-0.26790002176587285,-9.240670719324882,-4.520662449862711
horror,8,0.04194834755309909,-0.8261343428398906,1.6659105444474496
jobs,20,-0.3202907548825479,9.61138319686692,-5.963951155743636
learnpython,13,0.028549439072945767,13.608419246138684,8.194788999640158
linux,1,-0.16739349885859875,-3.1280252030633378,3.743153519359973
muacjdiscussion,2,-0.23676401265721814,4.572645158496815,7.09721191218446
nfl,10,-0.03816261630788484,-14.816805186237229,-4.445437940299069
nyc,1,-0.29606594954437765,-2.263587668827186,3.0630972314747775
olympics,1,-0.22401422599490586,-1.7300277656696805,9.071510538715213
patientgamers,19,-0.15784081816551063,4.549275766179287,0.5394754343166103
pebble,24,0.09839641572198804,0.6582058887262124,-1.5138345214433289
pittsburgh,5,0.21192254039736658,-2.8513060847353917,1.221260211796012
pokemongodev,19,-0.1081071015109066,4.5795529798645545,0.6214520639952449
popheads,1,-0.387105048191797,-2.9584832906431426,7.737726355707622
r4r,18,0.09439475700249099,5.748330023225682,11.630622434235999
reddevils,5,0.1981444889034497,-4.79401276182797,12.702419199110025
short,19,-0.16191532669470496,8.72560400628646,-2.585037529829728
television,1,-0.08499270298173305,-7.918640654235894,-14.619769438508776
vexillology,10,-0.20328320210505477,-7.484099350462176,-1.5093054813901576
worldpowers,7,-0.042936461526221846,6.721054606171414,9.716696414783344
7kglobal,1,-0.2855946505028881,6.439374033662863,-7.4581635764684435
AskScienceFiction,6,-0.2817633146624988,12.416248202800825,5.874774263906026
Austria,15,0.09211421257599886,-5.36702823091764,3.5204220143306237
BleachBraveSouls,24,0.05315754761622117,5.885812605008643,-10.630695249314504
CapitalismVSocialism,16,-0.1865861034267095,6.312706497574092,7.560497604913944
CitiesSkylines,24,0.11797869096183067,-0.4557609350438966,-1.8019614837306328
CombatFootage,10,-0.15645088318570835,-9.449415234885453,5.8428974736834265
DunderMifflin,24,-0.10475629667061444,0.9695513653768054,1.5492937160865905
EliteDangerous,24,0.07525635420357782,-0.7630909134408154,-8.011286218452751
Flyers,5,0.42206830009614,-1.4842423422626927,14.711739822923118
GooglePixel,24,0.03746416961966387,3.9692478556218638,-8.88606566495606
MCFC,5,0.3500255142325305,-2.813281051349955,12.314568662825053
MakeupRehab,24,0.10599277808601193,6.9229309637517655,-1.6624090567520107
Minecraft,24,0.11872868333265679,-0.8079068426249125,-3.5391684706730535
MrRobot,21,-0.24839192575368144,3.558055561431232,-3.6784030832296537
Nationals,9,-0.347353347775342,-1.277920395891808,15.721740419489869
PSVR,24,0.05039765720730623,4.588367274151011,-9.185665920278288
Planetside,24,0.0712412808331107,-1.3149302186385339,-6.993400226243773
Political_Revolution,16,-0.2529710007321403,-6.762517071253892,7.7331756942741645
TagPro,24,-0.048337265915830076,0.18763263221393695,4.574662404814373
WTF,0,-0.12034385897463991,-12.727701820425658,-7.3707044697315744
WritingPrompts,4,-0.22000715745875904,12.852256558630442,1.8369177160939536
actuallesbians,24,-0.08856173666096169,4.873553591062184,-3.310718618269856
askcarsales,25,-0.032749948802409785,-3.6953709582583008,-0.17755481160090889
casualiama,12,-0.19047965084169782,-11.669275443942746,-1.4136051948997104
comicbooks,8,0.18105400412321407,-3.7939867967708225,-11.65883826335381
dirtykikpals,12,-0.19113285209107225,5.747026095127487,11.63371347534743
flying,24,0.007122021071604628,-1.7993377978166927,-2.0269399258096032
gamindustri,6,-0.1427213256660567,-5.662595679449599,-7.727252866066915
guitarpedals,24,0.02770434115537943,-4.202904713521502,-3.573223250083775
hardwareswap,6,-0.1732315337456689,12.01970610727783,11.342398403373815
hiphopheads,28,0.05800886940173273,-9.380373121408471,0.06300233800095717
instant_regret,10,0.2324772831466185,5.1397580369654,4.974461287403074
interestingasfuck,10,0.18899446313198326,4.598983200440749,4.562428264975007
legaladvice,13,0.0816660259658658,12.07904400081875,6.599590512240927
movies,1,-0.05418964217527905,-8.334855112374932,-14.091468167808324
soccerspirits,10,-0.13798023011344393,4.314310457696432,7.2084390681975945
supremeclothing,28,-0.2586000272549053,2.8807119385825897,-13.497832375186904
survivetheculling,24,0.10852464415649395,6.035196629872796,-8.191602176089031
syriancivilwar,16,-0.2507256768985772,-7.920572161628434,3.165617707685118
teenmom,1,-0.28984924375629934,-3.609267833337588,10.14643659996884
tennis,8,-0.37658469492508756,-2.230933166522569,10.440616318820108
whowouldwin,21,0.0881721573924532,13.766633955149029,7.383701167982829
3DS,21,-0.24731180752516227,2.9031585407705314,-1.6010528315593313
4chan,14,-0.4301261345201173,-13.34007747178826,3.1383319254924196
Animesuggest,12,-0.3262639967854841,2.614884858026993,5.044003037865066
AskAnAmerican,27,0.023012991513425212,10.630252470572692,7.746828222924088
AskCulinary,21,0.11995902111465485,13.198693114737317,8.02246566416144
AskTrumpSupporters,21,-0.01782248596994747,11.912947864399738,6.916939549544188
Battlefield,24,0.042317835149943465,3.9491072144291643,-9.4251105048313
Catholicism,8,-0.06340044959009264,-3.187985839052806,-5.740166454362502
Celebs,12,-0.1848939170291335,-0.9210390040513586,6.461765053408495
Coachella,24,-0.16467598762784896,2.2642889970232067,2.629540782997453
DarkNetMarkets,13,-0.08121064423513125,-7.085272357209525,-11.205392389175794
Fantasy,24,-0.021891991234921578,1.6795581422882355,-4.584004442693343
FellowKids,1,-0.10845318030852956,-13.52251000576737,5.134798704275582
Guildwars2,24,0.13470113466421302,0.22134596060220288,-7.541341805348133
IAmA,26,0.06553704365073842,9.720224812451647,5.635473638741362
JonTron,23,0.16396608670383692,20.26494161565008,-6.255375238886415
MensRights,1,-0.2643162981100492,-7.619775651466236,4.049753230093184
Miata,24,0.06911838261137165,-4.12500895866752,-3.6107009033737487
ModernMagic,11,-0.37549455847914104,2.207631870928277,4.667982603021025
NASCAR,5,0.33272489333938704,-3.2053516549951824,13.937994004041446
PokeMoonSun,7,-0.3695854008035638,5.372553971614867,-9.83439086744704
WhoWouldWinVerse,12,-0.09498909909973591,8.209804487519774,3.5904027931068327
books,1,-0.023524602759866824,-10.376427020852917,-6.587683722486401
buildapcsales,12,-0.22394985302918075,-10.348812535406962,6.244647435694947
darksouls,29,-0.1297424991325257,15.152176245333012,6.6493041330763445
hawks,5,0.3761436340242798,-0.8368250812985342,15.092143390668758
homelab,24,0.1869420056028619,-0.9949603319443677,-2.129317563186315
indieheads,1,-0.26176625318358215,-2.866102360170394,7.424359368076029
japan,8,0.006416682431843793,-1.501287802248889,1.4063823124345332
kansascity,5,0.17909780234633949,-2.7073988763752017,1.0635476214399944
london,5,0.19690439163175913,-3.5842099019490306,0.8108019010231021
longboarding,24,-0.24295457865699296,0.7497623580607624,14.540290486714232
lowlevelaware,16,-0.059619605249714165,3.40135328574494,12.584025357984057
networking,21,0.0381944548970041,13.349503871176925,7.896494591402931
newsokunomoral,16,-0.013354092287805118,3.369737611158454,12.539060509400763
newsokur,16,-0.020690005280762216,3.363147619121968,12.52768998525176
noveltranslations,7,-0.10214047957589377,10.204022442581719,-7.773223383678488
nursing,24,-0.009439592955596278,6.206786085076566,-4.065968073659414
shittyaskscience,6,-0.222464070342366,2.6521711746208556,0.8730273476824175
sixers,5,0.39390641175938573,-1.5826173847798315,11.782222654059298
socialism,15,0.14987955290602825,-6.241215426279705,3.8743134764021505
sportsbook,2,-0.2544893486923144,10.29839245133702,9.57248521270149
starbucks,24,-0.031924625597298216,8.938112788385983,-6.546180485145333
starcitizen,24,0.047814588652143504,-0.7380630419751043,-7.918759363052448
stevenuniverse,6,-0.22633698418296286,-4.4435276448910335,-9.419451937790734
sto,24,0.059074075578359475,3.4166553925414056,-5.580265582228844
tipofmytongue,3,-0.0130631808470462,-10.707873587470932,-11.269966547529707
tmobile,24,0.056543326816323757,3.3455181299301757,-7.922510899539493
ultrahardcore,14,-0.36424922913668345,-0.8366851515983039,5.41246585983587
vinyl,24,0.08040544511772439,-2.721088182565842,-2.3844324476759455
worldbuilding,24,0.010575468651176343,5.118424069940395,-1.6664874719650242
Bad_Cop_No_Donut,1,-0.12423931026993322,-8.18720303641049,5.42135376165542
BeautyGuruChat,1,-0.29841392789841026,6.441994063059148,1.4210332410757152
BlackPeopleTwitter,10,0.14377271618853724,-13.280792607249735,2.7454409878109898
CFB,10,-0.1067453553227977,-14.905120084535609,-4.355120452567646
Chargers,5,0.40085069165276266,-1.1143927947704466,12.206522190135308
China,15,0.022963921777949658,-5.752175238879516,2.2180566472685723
ClashOfClans,24,0.03055709018617757,-1.9576812009332405,-4.551229076552258
Conservative,1,-0.22505135403671692,-7.604969978662182,4.218822766022479
DestinyTheGame,6,-0.20244967231170344,0.1222414477374829,-10.729152389300703
EatCheapAndHealthy,24,0.028562659173409673,4.029881352681095,0.523339127063545
FUTMobile,24,0.015850011416651006,8.39018913843267,-9.512247388821407
Fallout,21,-0.048639339441650976,1.4731276122738355,-5.736282403821432
FeMRADebates,14,-0.398103986738868,-6.702036060393601,5.083089197694297
GameSale,3,0.03789993372404757,-10.106318610726769,-11.261795186963262
Kappa,6,-0.261524206666024,-4.305827361223262,-8.614740758408503
Libertarian,15,0.16128158106216342,-7.331053712217254,4.013510058169722
MtF,24,-0.02411821413164608,5.141741408723879,-3.4917603423628356
NYYankees,5,0.4087125784588144,-1.6436060599209856,14.987278836805707
TrueChristian,19,-0.12184347153489809,7.455370066110759,-1.1531543152864403
Yogscast,1,-0.2481866092013357,-0.0652634851277769,0.7553049659913681
ar15,24,0.13127068689658947,-3.253696997351794,-2.806744344385752
argentina,23,0.02078007881263152,21.479930760806447,-5.9105130834788735
asktrp,6,-0.27069694492301566,14.446549621984346,4.590791904567429
audioengineering,8,-0.11093865878799639,2.167782143826096,-0.5162622929109332
bayarea,5,0.18405909706319126,-2.5572684487521555,2.2904514481323366
bipolar,24,0.12263449036337122,7.349262053672611,-4.346993146867753
boston,5,0.14866735445495322,-4.335171025393833,0.9762206915232519
ethtrader,1,-0.385264611570515,-2.9601477417276714,7.8578050329692015
gtaonline,24,0.08008823852123399,4.007367415416743,-7.18000086978422
learnprogramming,21,-0.09344633609778233,13.637005851996468,8.070249078701968
lego,24,0.01325548266871435,-3.946805762304848,-2.116555769910207
malefashionadvice,21,-0.16356304937103966,2.8544178274398453,-1.3104703060512366
masseffect,24,-0.10646394397952065,2.1861135348170873,-4.547154716674674
mechmarket,6,-0.13399878697702078,12.026654790472286,11.328947125976393
microgrowery,24,0.09748455299482364,-3.255764022507755,-3.4788792677707727
niceguys,10,-0.1579685914361404,-12.645194768643421,3.921623395500084
northernireland,15,-0.09512585107664054,-4.554323177775311,3.332043681934549
nottheonion,26,-0.085495057485526,-11.070698891959319,-4.4113313991374055
oddlysatisfying,10,0.09871076802179866,4.471788995058548,4.4714305774292145
osugame,24,-0.05643767042410769,-4.257020539601476,-7.304293966687173
polandball,12,-0.21326734375993037,-13.712784310859417,2.451089312184783
rawdenim,24,0.05893079910965211,0.616057742954816,4.074407105253472
redditgetsdrawn,4,-0.3876009496682102,-5.998756160023898,-1.7858957754202107
rickandmorty,24,-0.06526195336031625,0.371708162414419,2.3239765391801956
skyrim,24,0.14963104454949783,0.9861905205659205,-4.254250773346332
spam,20,0.03605994165439366,4.142725099450484,9.396977991196874
todayilearned,1,-0.03331730010591323,-13.387173397791187,-5.626880731444938
zen,22,-0.03374243643239259,8.306730482942042,1.2212666662551093
Aleague,5,0.2541194080348044,-3.51530898230289,11.56454760630733
Amd,24,0.0937506656478648,2.5740097581667083,-8.632080376372837
Anarchism,15,0.11204399042113633,-5.64713650173018,3.6507961890438585
BostonBruins,5,0.37369733088361884,-0.8777175331589384,15.234985663217532
CasualConversation,19,-0.14536298242210127,1.5581621611956589,-9.045042983605171
CrackStatus,19,-0.21433993371922563,5.0078618519231695,-5.780881005340568
Cubers,24,-0.12231881369374503,-3.0161395775238966,-0.7982678273089046
Denver,5,0.18114679235949868,-2.8059683911591513,1.110121811254788
Diepio,24,0.011232562277497048,6.26852695941823,-11.027535921915087
Dirtybomb,24,0.027099913585509606,3.7871131494128787,-5.474710182292145
EDC,12,-0.3264121107901514,-6.468839036017692,-2.9189384264000116
FFBraveExvius,24,0.016632642172392617,4.8270737907504415,-10.940707402258106
FFXV,24,0.07820146757146478,4.8181164710190885,-9.418859166886136
Geosim,14,-0.26673358850944906,6.722255475547171,9.718535654360448
Gunners,5,0.2277651476789622,-4.68839653516071,12.708241907143837
Kanye,28,-0.25556828249757607,5.030651589061547,-12.459751568931994
KotakuInAction,1,-0.16063080445223113,-9.485431548831919,7.491800788601626
MigrantFleet,16,-0.07981155990893589,8.17701478102033,2.908569699382154
NeutralPolitics,27,-0.041411484307345356,10.602026180389199,8.015077715203946
OpTicGaming,19,-0.2501434531318616,11.42437390257694,9.486058092747594
PersonalFinanceCanada,21,0.014569876665708506,13.39985042786687,7.307831625793417
PictureGame,12,-0.2684206671376373,-5.31208485935556,-2.8201005957353127
PokemonShuffle,27,-0.015995076179162415,10.958588576923146,7.0899678335259635
Psychonaut,24,0.08423818573488688,5.984676082282433,-1.843533896346429
PurplePillDebate,19,0.002897328225340047,6.763151372671048,7.386331188979034
RealEstate,20,-0.22074107515881133,10.394940095127346,-3.924174716323128
ShitRedditSays,1,-0.17500869507875189,-8.438097962811586,6.486600025090908
Smite,24,0.13163808266056704,0.36985748043970046,-10.51575831532098
StarWarsBattlefront,24,0.04733825128459162,1.9695780989484697,-7.1136726581225265
TeamSolomid,8,0.1186471979885502,-5.52110805819785,-11.037908572011766
UnresolvedMysteries,19,-0.17438704513636757,10.425115968319195,7.75921051757891
Weakpots,16,-0.20663070521323765,-6.7566792867463805,-7.134214400699144
WouldYouFuckMyWife,12,-0.05555939066588822,8.475743299858642,-14.701937718101028
anime_irl,6,-0.03226778010538709,2.575654309420462,8.324118028834482
australia,15,0.17196471989071374,-8.096612234376801,2.031006930482075
blackops3,24,0.09367443153759507,2.5331068855069097,-10.795384656627148
chess,24,0.005928692974347757,-0.9621628427616152,-0.32372255685479284
cringe,28,-0.0019213827439235882,-1.8290886204084478,7.415311509441513
dragonage,21,0.20457938112541635,13.961705742445332,7.056369778281614
dwarffortress,24,-0.03228299329431829,-1.0148805105084628,-0.350987460950365
femalefashionadvice,27,0.046048683707206335,10.520651523838087,8.638314311553696
food,11,-0.28801200354305173,-7.7101631911486175,-14.228000497166121
forwardsfromgrandma,1,-0.16271691090970236,-13.388726889005422,3.6395106610759025
golf,24,0.025145046239476547,-1.8508316136290541,-5.290392075248272
indonesia,23,-0.3105418926569327,-4.600132168162182,4.457397845914564
lewronggeneration,1,-0.2238153833646926,-13.252252639391315,4.570711548207921
neopets,24,0.0630895948681398,0.44029878415075213,4.431219675858227
oneplus,24,0.1176420738145588,1.4681305849442552,-2.0194616405243475
powerlifting,24,-0.20097905319911694,0.2469298429190095,8.628912055896096
proED,24,0.08401881283231862,8.428059521913907,-5.347973497855784
pussypassdenied,10,0.11633431662760742,-10.555607024474742,4.59721839333334
shittyama,2,-0.1768103423468831,1.9032454716158762,15.652650084303186
shittyfoodporn,1,-0.15227651351631044,-13.56408893841456,5.137267642552094
smashbros,8,0.1023667485706059,-3.155819414631682,-10.954088249199227
witcher,24,0.10703919363068348,1.4595194519974564,-3.9911905166289205
woodworking,24,0.09283057449692043,-3.5718393869838856,-2.893722928039246
2007scape,24,0.057199969205742475,1.973055798656524,-11.504649677194244
CanadaPolitics,15,0.20820145711569293,-6.599299892429798,3.4041143153648097
CoDCompetitive,24,-0.16628661811279205,1.894075929121906,-7.358869512852442
Dallas,5,0.16676341344800574,-2.6222179405494845,1.1730367334755096
Enough_Sanders_Spam,1,-0.242694935620364,-6.137142734659634,6.565296180893891
Flipping,24,0.040030960725384736,5.6525790477587785,-2.4443078021508406
FutureFight,24,0.03119160643878137,7.955948724950814,-7.187694678014167
GameDeals,12,-0.24776794172027308,-10.105477141068548,6.2442958879445385
GetMotivated,1,-0.04423875504240982,-10.221777562773267,-6.860619702531458
HalfLife,24,-0.12661096649388,-1.5416262915015433,0.7798406221272994
Homebrewing,24,0.15466573667672814,-1.1772951684050559,-2.9777264774630163
LosAngeles,5,0.1911911363824546,-3.6201723936395855,1.098966823794603
MaddenUltimateTeam,24,0.05831943904837716,3.473752603108582,-12.350590700835184
MandelaEffect,19,-0.15729875709129792,5.0008292114788935,-5.767543297164207
Nerf,24,0.0475386895143548,-2.082937753902327,-3.431064931164897
NewTubers,4,-0.10346124820303128,11.36392702573973,-3.8989073373615772
NoStupidQuestions,6,-0.2394339515692011,12.840986348504352,6.0470999095453175
PS4,21,-0.20611023007514137,1.0582476179341036,-9.70441225162644
PuzzleAndDragons,24,0.13521982109240124,-2.181107300905327,-7.275410512077924
RoastMe,1,-0.09733109405260107,-13.63551278819974,3.687701721904113
SanJoseSharks,5,0.32740258779850206,-0.4785194288332686,13.904298928545593
ScenesFromAHat,7,-0.22102787272900457,5.4609339740312235,0.9064020279090637
SkincareAddiction,2,-0.39315990685811314,2.9101751448687874,-0.07114129897588084
SuggestALaptop,4,-0.2573104158391664,11.219151135777592,2.3339721734367718
Suomi,23,0.19736940975696335,20.775966957875248,-6.100918411579893
TickTockManitowoc,24,-0.027690143152313707,6.4843865447373785,-0.03947758363006249
TumblrInAction,10,-0.009160574440983515,-10.917467436735874,3.081707591313545
Winnipeg,5,0.19362791014953523,-4.055672778671608,2.088856197074738
altright,12,-0.3032924527873324,-5.235405789940141,-10.380487545077719
androidapps,12,-0.25038962615549676,-6.044328193495516,9.251381942867345
arrow,24,-0.06529657874224,3.404952077735512,-3.900895531013543
aww,1,-0.025628092574489832,-7.946035229494434,-13.893246849545113
battlestations,12,-0.27608092108545557,-6.551516850232384,-2.877432446066802
bestof,1,-0.06715588813012319,-10.36579726200068,-5.111876913239024
betterCallSaul,8,-0.11921297294368677,3.537668971131113,1.576800906837709
cars,15,-0.005672137585660122,-0.8238257449122302,-8.664450875877272
conspiracy,1,-0.1691769143047075,-7.819330473461334,3.9358712017336885
counting,2,0.028373723869180884,8.604506497306156,0.8712208211535527
cringepics,10,0.15614401985798917,4.7105009115592456,4.638785732257801
european,1,-0.1688810013033294,-7.792527216064998,6.351706588859922
facepalm,10,0.12723226752951414,-12.393809922424461,3.8354858920219947
fantasyhockey,8,-0.25949000476896744,1.2023988068103675,10.669087756114374
fireemblemcasual,16,-0.19394138730695448,3.445036683481205,6.811730543453139
france,15,0.1591669187709721,-7.353084616184053,2.169030567372303
gifs,10,0.036200499560015476,5.5981363170610186,4.169367129481404
guns,24,-0.012428753328435724,-4.641106005523372,-1.7714081964871284
hapas,16,-0.14648468079405233,-7.977994836474831,8.239306912099723
hockey,10,-0.11860607158765975,-14.84247925893727,-4.338367173312961
magicTCG,24,0.02583152947151745,2.1077848079224304,4.557307732507653
nba,10,-0.11590793658805719,-14.831892431614968,-4.454945944845358
news,28,0.09988821087413514,-7.6692657541026605,-15.429186048615092
orioles,5,0.3154942030023717,-1.4304623860910275,15.396451104835355
poker,24,0.04521964736569935,4.709047852924288,-4.3632085349341585
sports,1,-0.10364575957891216,-7.452868345369821,-14.995623043901704
starterpacks,10,0.10026744626332389,-12.26996820883728,4.100339697790528
steroids,2,-0.1478312863868281,4.63534900521276,7.0971738764367664
summonerswar,24,0.1265403951413426,1.6031660089254542,-10.87484305301181
techsupport,13,0.09434314803178596,11.356886752861568,3.0181105346484616
twitchplayspokemon,24,-0.052507381451819476,-3.474505593082447,5.815494704714118
uberdrivers,5,0.12698133346045812,-3.785672937861415,2.4968338692456116
ukpolitics,15,0.20500941215565452,-8.168205300000553,2.1923832873649403
wallstreetbets,24,-0.007209657775742764,1.6268999187976614,-8.313836311086911
washingtondc,5,0.21834044882811776,-3.2723957714429064,0.9093347625761661
weddingplanning,24,0.1226910391984157,-0.9003105786590002,-6.615750705764499
windowsphone,24,0.0559463896310221,0.19821074807406164,-4.545584990671021
worldnews,1,-0.06668910514226004,-12.533015973231482,-6.260679062116516
yugioh,24,0.10104844567535752,1.854804984432359,4.455364997757417
ARKone,24,0.1170354958293374,6.224273445279081,-8.149925145731991
AsiansGoneWild,12,-0.142858619534817,7.866832653558065,-15.403159702195833
Coffee,8,-0.12195613756678779,0.29276290646306125,-1.26187493118438
Columbus,5,0.19120994247388637,-2.1988134649710758,0.957089553602315
Competitiveoverwatch,24,0.08632815797426141,3.994546047732392,-7.969849404023854
DnD,24,0.13258641117544934,0.4367690773183532,-6.829380498448258
FantasyPL,24,-0.07961824952341752,1.841066372409758,-7.774432047719379
FinalFantasy,24,0.044248121883521785,2.148967718805317,-4.767076812407155
GGFreeForAll,16,-0.08395614439595567,4.312599340700442,7.303922657434263
Indiemakeupandmore,24,0.09291566726406206,6.40718640653431,-0.18307010112044964
Infinitewarfare,24,0.03297164991537717,5.133052308970468,-9.616565468428036
Metalcore,1,-0.26740856642527666,-0.7453838754107546,4.583290219684962
NBA2k,24,0.1363586830988112,6.58889054768046,-8.703814354633318
NYKnicks,5,0.3794794076900932,-1.6443930395862074,11.887639505566277
NoMansSkyTheGame,24,0.023805867428146676,-1.4829474633951443,-10.505569689429088
PetiteGoneWild,12,-0.11803609728656253,7.919752633699908,-15.335040609978574
PublicFreakout,10,0.18634630432084928,-10.532065221721455,4.218630231382161
Random_Acts_Of_Amazon,16,-0.253271893111067,-6.472384827750035,-5.778791028225041
Robocraft,24,0.013608417021135747,-1.3467319928397632,-4.004393816685652
SeattleWA,16,-0.31155181022792555,-6.571581901582039,7.412724761827139
SecretSubreddit,22,-0.06751267322944972,8.277148450568765,1.4052827884760652
Shitty_Car_Mods,1,-0.13551264848496125,-13.650678953970166,4.968949126230759
StreetFighter,24,0.09002308684604175,-0.7057127478817521,-7.392284314229266
TalesofLink,24,-0.029584197306870508,6.258817452543402,-10.31766607235424
The100,19,-0.26493730770699625,-5.090649308601889,-12.6231850654887
Tinder,1,-0.15337690595601372,-11.43046989207173,1.280684925753169
Tradelands,23,-0.2878710670321731,8.755381420945852,-9.746117084701407
Undertale,24,0.011382926263621787,-4.340715780779257,-7.18015052518278
Windows10,25,0.09690313415303481,1.845045837209061,-2.6649759186817037
WorldofTanks,24,0.05164876663711738,-1.161802845070442,-6.673160909103439
askphilosophy,21,0.002382094128746204,13.804900695992446,7.750983617125828
aspergers,19,-0.21106662843805002,6.151215203996227,-3.438319640271029
bodyweightfitness,21,0.15519172768222572,13.43310415922659,8.309154547610113
civbattleroyale,24,-0.06933462437771258,-6.088470375740491,-8.635069494240858
cordcutters,8,-0.1310351905519102,0.8253829936815202,0.11818237296018355
exjw,24,0.054291858449813844,-1.7567050938833013,-6.529352220302018
fireemblem,24,0.010527314299190451,-1.2966427915653116,-8.66898838970459
frugalmalefashion,12,-0.46337107000518585,-0.3279702729752193,3.278501240044961
gameofthrones,21,-0.11840312968939438,0.6991146203461575,-9.682741710373778
gentlemanboners,11,-0.06878975285255431,2.1221841909298895,7.9132126524143835
gonewildcurvy,12,-0.13178994766745003,7.89613932990469,-15.48632297524751
goodyearwelt,24,-0.00032719444810650204,0.8976458372216747,4.096576799598898
kratom,24,0.08255044117014491,3.7277423960254814,-7.5272413030856455
letsplay,24,0.11581729989642302,0.1893876713918914,-0.7864917223509936
listentothis,4,-0.08350509674509089,-8.784195616484045,-3.398081437475551
marvelstudios,8,0.18201250350971754,-3.736104976036141,-11.25282965712178
math,21,-0.21853285172738957,2.9193063746646977,-0.8498329971760441
milliondollarextreme,1,-0.3386409078095504,-2.9854624598652846,7.7603770145164725
nosleep,26,0.0688989921587235,14.981763868462645,9.317609714480435
oaklandraiders,5,0.3453965381673035,-0.638668524269689,11.84255005930195
playark,24,0.19163307715347963,4.5840721384031475,-7.394852499246915
playrust,24,0.14568111710707035,3.0267312859868367,-10.724329296461745
pokemontrades,12,-0.3019364484491733,-9.027301739718604,-10.372419221572917
rangers,5,0.43463657792513904,-0.9433759618149224,14.481481303449641
reactiongifs,18,-0.1513208134587889,-5.997678855939545,8.317181912309893
sandiego,5,0.10248761457513303,-2.1348755985218335,0.8208068546638173
self,29,-0.06899592625390705,12.957841731032405,4.589311819987903
sex,21,0.1871244297405217,13.081440301566877,5.695756109269169
soccerstreams,11,-0.20831865777635736,9.167393161566547,9.363904353119072
splatoon,24,0.04850379396019258,-0.8923076279528345,-4.1431031618570895
stopdrinking,6,-0.20695094512725803,14.88478926889815,5.120261164391194
tattoos,0,-0.17607715469341015,-0.8252134174017796,2.357794435484178
technology,1,-0.02299047393945655,-11.81142089862146,-6.441806794305652
teenagers,7,-0.2403651567604516,1.468001119365564,-9.025358494468836
thatHappened,1,-0.14060242070095816,-13.188432198709327,4.285246989581823
tumblr,10,0.12481730630409486,5.242940551843359,4.567930154097625
vita,24,0.06054774190996401,3.6773852617785234,-3.2671978722839388
AirForce,24,-0.04885962757916723,3.3873705128735985,-6.925491050882237
Android,15,-0.05563277233264358,-1.0074010280115973,-12.027717240186082
ApocalypseRising,23,-0.13454676858484882,8.907099389457542,-9.839802400577563
AskMen,26,-0.1163319083436291,9.542610224775277,4.726411562358594
AskOuija,14,-0.12579384205779703,7.041680333446511,13.57019516289629
AskUK,21,0.06095693143534203,12.24081332498896,7.168469491871831
Battleborn,24,0.09090695948484089,4.973110139279716,-8.048643622290923
Browns,5,0.3320258974315782,-2.2277523274254776,11.324031718726179
CODZombies,24,0.12142933416557314,2.4938311626559133,-11.325147104437349
CalgaryFlames,5,0.3561360977589424,-2.7296083835406946,13.035484762826986
Cardinals,9,-0.2345561455086168,-1.2047048432116354,16.176114383612155
CrusaderKings,24,0.1073950524052364,0.13375243313293836,-4.789196174443626
Documentaries,1,-0.01291321875908269,-10.585902607148114,-4.786990014134334
Drugs,1,-0.25643095752413037,0.9474308226685556,-9.640629832527992
Gunpla,24,0.06108770196717906,-3.938600099481933,-3.528082653325342
HillaryForPrison,18,-0.20251567968676665,-6.480207311364818,7.991515873799021
Justrolledintotheshop,10,-0.14359387538386065,-12.73027677071847,4.119318248517711
LabourUK,16,-0.16061327268531442,-6.599633835693963,5.7002160944610125
MTB,24,0.10267008775915189,-0.15655502877297225,-1.0651669907278454
Megaten,24,-0.07509913894286621,-7.083187348566495,-8.325045895879217
NHLStreams,2,-0.011795447554067178,5.356480124405739,2.6449011823803388
NintendoSwitch,24,-0.13358663949394045,3.2578713718215355,-3.6066924790852264
ProtectAndServe,15,-0.04720075730811044,-5.871164748832344,1.5968396940687073
SFGiants,5,0.2948800205891291,-1.300610883253381,15.535916896506416
ShingekiNoKyojin,8,0.2245551531332565,-5.2743902082604,-12.035875805665171
Stellaris,24,0.12120054352660765,4.7278482921449765,-7.080622987254021
SubredditDrama,1,-0.1340453004124243,-9.52050351988085,7.355535728544383
Teachers,24,0.044872632941727206,6.382067889100579,-4.025411443919499
TexasRangers,5,0.19362465416089553,-1.3780503542673475,15.777798171596888
TheSilphRoad,24,0.056200389371016964,3.1701343649814007,-9.490129017786238
Warframe,24,-0.005400771588436079,-2.412741235845964,-10.52707920276409
Warhammer40k,24,0.1597063741655015,-1.1351195525821007,-4.990110238875357
Wishlist,16,-0.2554499932268798,-6.868901695898944,-5.582240266015765
Xcom,24,0.1054792188017421,2.0164426690007375,-5.52006379971207
amiibo,24,-0.15089249105873306,1.0017163758347272,1.1471359094250277
arma,8,0.021557554515955087,-0.0006205927957501842,0.09582696532342835
bindingofisaac,24,0.0473128998435802,0.33500783643742077,-3.6443003505020086
cats,11,-0.42889885888084195,-5.1488817640229065,-4.053386986747504
criticalrole,24,-0.07481205400033299,-5.754345158771638,-9.86872393068769
enoughsandersspam,1,-0.2323500896631949,-7.513511731174045,6.651020102441299
fivenightsatfreddys,16,-0.18034345197883245,-5.552340242099653,-6.3132853011439005
ftm,24,-0.05931026546669185,5.3572206467650485,-3.47626665766764
gadgets,1,0.00784158976335097,-10.22222511876487,-6.855814462517254
germany,8,0.028964369659311377,-2.0371065640092745,1.3170010295169223
halifax,5,0.1637627005110342,-3.2123986240097167,1.9910484762537564
headphones,24,0.1335280262391244,1.0892151575862206,-0.39438879096700097
hearthstone,15,-0.10473838830320088,-0.024124603037247054,-11.555363288951154
india,14,-0.5249997534646743,-8.193825553569585,2.6388506092377635
italy,23,0.1584739652500414,21.302285702405754,-5.952812425949347
meirl,6,-0.06638753780674762,2.469695185111795,8.288481252682812
mexico,23,0.13560335863422343,21.406871144236465,-5.936005381766292
mildlyinfuriating,1,-0.07931009469986125,-13.214257984645785,5.0856337036905215
pathofexile,24,0.0998755271105576,-0.5438283547027914,-9.300524969660431
philadelphia,5,0.26060881123188434,-3.7984730184681363,1.2391515281501253
pkmntcgtrades,3,0.051362578709275526,-10.381043988881453,-11.236617107869087
pokemongo,24,0.031010781454354083,1.1161199027600672,-12.09705409035361
relationship_advice,29,-0.031635082181809444,14.512430618236381,3.5658683319119264
relationships,6,-0.15574920256196725,14.6648949361642,3.3035270029648807
southpark,8,-0.039614286974256105,0.7358775503902432,2.2536119954332725
spikes,3,-0.3211470462079256,11.441226910262591,8.342043818888161
uncensorednews,16,-0.189567807153137,-6.909524451168066,7.588265590399683
web_design,4,-0.46851987188437694,-0.35638874544201693,0.024893625223180227
xboxone,21,-0.20771841488314255,1.060630420231994,-9.740869015476965
AndroidQuestions,4,-0.4988411308911515,11.364947048079506,2.961758402774666
AsianBeauty,24,0.10184026388252411,-0.49799373045051376,-6.70451676270591
CollegeBasketball,10,-0.27632108799255206,-15.09537329936937,-3.9666240000486175
CringeAnarchy,10,-0.07043982435736033,-12.58908068661672,2.989521421970589
DebateReligion,19,0.04209488939426084,6.736513458092132,7.5035526265333825
DynastyFF,24,0.05394509780075591,8.137104952827347,-5.620435101936009
Eve,24,-0.03786844367669419,-1.619036536273555,-8.49641638191309
FIFA,1,-0.2610467250929434,2.4301713620034695,-11.836472659869802
Fitness,21,0.06613885505567113,15.175307574430363,8.45162818045632
GlobalOffensiveTrade,14,-0.18906835702929856,-8.591369392874572,-9.189575831142248
Incels,2,-0.026540220823404414,9.630173331035463,-0.9039658792964294
Jeep,24,0.016425400734259656,-4.520825945274114,-3.6943979108606997
Jokes,29,0.12239664995058869,11.328221303445408,4.867918157773111
MMORPG,24,0.042323137318931794,3.6899623315098844,-6.94654172090164
NoFap,19,-0.277279557848536,5.982307484245952,-5.194625132719343
Piracy,24,0.027564358076829238,1.945564739776,-1.3430204001471115
SVExchange,12,-0.10577721956295631,14.964269909859206,0.0329399714959962
Seattle,5,0.13167943351036898,-4.4488660963421705,0.4907494438243408
Terraria,24,0.15944829232385388,-0.01201326674248581,-2.2623448291639234
TrollXChromosomes,10,-0.2424088658085201,-8.661990432265151,3.5804735253150453
airsoft,24,0.15543521096946047,-2.6662360126746196,-2.9923707689434904
amiugly,20,-0.2650146353020968,5.575816082002519,2.4820885441688487
bloodborne,6,-0.2009349668604932,15.541217654872106,6.4959029741187795
chelseafc,5,0.32444788525507834,-2.964270252102769,12.107171237796795
childfree,24,-0.019043429202386893,2.765286451860251,-6.396639848972498
drunk,19,-0.24136213159913777,-0.03757521600365235,-2.8568773108605425
ecigclassifieds,19,-0.1803902030777454,-0.12774276450233538,-2.9492349404982927
europe,15,0.1570825988177586,-8.502228500052354,1.335840911445637
explainlikeimfive,21,0.12283045225252218,15.356625543021265,8.210161486534362
funkopop,3,-0.19760848777185405,-5.016021944644208,-5.9294603711507765
iamverysmart,1,-0.0959763813142666,-13.044411707520418,4.493401104314047
leagueoflegends,15,-0.03698596614664517,0.09981751693696511,-11.680425742478063
mbti,24,0.04646735495959244,7.403334251627056,-1.409968626076188
montreal,5,0.17775939877970998,-2.4373595936605468,1.173050055260941
offmychest,18,-0.12141986568639504,14.18814972782174,3.6692668502666974
pcmasterrace,7,-0.27447747475301154,0.4532599168582987,-13.016180176873396
rapbattles,24,-0.22769329006091393,-3.6519783005109105,11.55335711576541
seduction,19,-0.15679334565727449,7.126505757186085,-3.1176933373962776
startrek,24,-0.026838924446959272,2.981443204208205,-3.5491520079816348
streetwear,1,-0.18812194189953507,2.7083023183215116,-13.43674817511381
talesfromtechsupport,12,-0.38104222887140243,9.561361592580548,7.1515764501205155
tf2,24,0.08142102960183058,-0.14350887611784666,-8.249803569801724
travel,4,-0.19283818413150453,11.307012128822578,-3.8978116989691385
unitedkingdom,15,0.1422017281736539,-8.377462444498665,1.7150702996621559
vaporents,24,0.13064181496403465,-1.6628972349079705,-3.020458369028868
weekendgunnit,24,-0.09420522357029265,-7.158855019378982,-6.967610050394284
writing,8,-0.04411347323650271,5.086229481744999,-1.84559943631144
